CREATE DATABASE  IF NOT EXISTS `broadleaf` /*!40100 DEFAULT CHARACTER SET latin1 */;
USE `broadleaf`;
-- MySQL dump 10.13  Distrib 5.5.38, for debian-linux-gnu (x86_64)
--
-- Host: 127.0.0.1    Database: broadleaf
-- ------------------------------------------------------
-- Server version	5.5.38-0ubuntu0.14.04.1

/*!40101 SET @OLD_CHARACTER_SET_CLIENT=@@CHARACTER_SET_CLIENT */;
/*!40101 SET @OLD_CHARACTER_SET_RESULTS=@@CHARACTER_SET_RESULTS */;
/*!40101 SET @OLD_COLLATION_CONNECTION=@@COLLATION_CONNECTION */;
/*!40101 SET NAMES utf8 */;
/*!40103 SET @OLD_TIME_ZONE=@@TIME_ZONE */;
/*!40103 SET TIME_ZONE='+00:00' */;
/*!40014 SET @OLD_UNIQUE_CHECKS=@@UNIQUE_CHECKS, UNIQUE_CHECKS=0 */;
/*!40014 SET @OLD_FOREIGN_KEY_CHECKS=@@FOREIGN_KEY_CHECKS, FOREIGN_KEY_CHECKS=0 */;
/*!40101 SET @OLD_SQL_MODE=@@SQL_MODE, SQL_MODE='NO_AUTO_VALUE_ON_ZERO' */;
/*!40111 SET @OLD_SQL_NOTES=@@SQL_NOTES, SQL_NOTES=0 */;

--
-- Table structure for table `BLC_ADDITIONAL_OFFER_INFO`
--

DROP TABLE IF EXISTS `BLC_ADDITIONAL_OFFER_INFO`;
/*!40101 SET @saved_cs_client     = @@character_set_client */;
/*!40101 SET character_set_client = utf8 */;
CREATE TABLE `BLC_ADDITIONAL_OFFER_INFO` (
  `BLC_ORDER_ORDER_ID` bigint(20) NOT NULL,
  `OFFER_INFO_ID` bigint(20) NOT NULL,
  `OFFER_ID` bigint(20) NOT NULL,
  PRIMARY KEY (`BLC_ORDER_ORDER_ID`,`OFFER_ID`),
  KEY `FK3BFDBD63B5D9C34D` (`OFFER_INFO_ID`),
  KEY `FK3BFDBD63D5F3FAF4` (`OFFER_ID`),
  KEY `FK3BFDBD631891FF79` (`BLC_ORDER_ORDER_ID`),
  CONSTRAINT `FK3BFDBD631891FF79` FOREIGN KEY (`BLC_ORDER_ORDER_ID`) REFERENCES `BLC_ORDER` (`ORDER_ID`),
  CONSTRAINT `FK3BFDBD63B5D9C34D` FOREIGN KEY (`OFFER_INFO_ID`) REFERENCES `BLC_OFFER_INFO` (`OFFER_INFO_ID`),
  CONSTRAINT `FK3BFDBD63D5F3FAF4` FOREIGN KEY (`OFFER_ID`) REFERENCES `BLC_OFFER` (`OFFER_ID`)
) ENGINE=InnoDB DEFAULT CHARSET=latin1;
/*!40101 SET character_set_client = @saved_cs_client */;

--
-- Dumping data for table `BLC_ADDITIONAL_OFFER_INFO`
--

LOCK TABLES `BLC_ADDITIONAL_OFFER_INFO` WRITE;
/*!40000 ALTER TABLE `BLC_ADDITIONAL_OFFER_INFO` DISABLE KEYS */;
/*!40000 ALTER TABLE `BLC_ADDITIONAL_OFFER_INFO` ENABLE KEYS */;
UNLOCK TABLES;

--
-- Table structure for table `BLC_ADDRESS`
--

DROP TABLE IF EXISTS `BLC_ADDRESS`;
/*!40101 SET @saved_cs_client     = @@character_set_client */;
/*!40101 SET character_set_client = utf8 */;
CREATE TABLE `BLC_ADDRESS` (
  `ADDRESS_ID` bigint(20) NOT NULL,
  `ADDRESS_LINE1` varchar(255) NOT NULL,
  `ADDRESS_LINE2` varchar(255) DEFAULT NULL,
  `ADDRESS_LINE3` varchar(255) DEFAULT NULL,
  `CITY` varchar(255) NOT NULL,
  `COMPANY_NAME` varchar(255) DEFAULT NULL,
  `COUNTY` varchar(255) DEFAULT NULL,
  `EMAIL_ADDRESS` varchar(255) DEFAULT NULL,
  `FAX` varchar(255) DEFAULT NULL,
  `FIRST_NAME` varchar(255) DEFAULT NULL,
  `IS_ACTIVE` tinyint(1) DEFAULT NULL,
  `IS_BUSINESS` tinyint(1) DEFAULT NULL,
  `IS_DEFAULT` tinyint(1) DEFAULT NULL,
  `LAST_NAME` varchar(255) DEFAULT NULL,
  `POSTAL_CODE` varchar(255) NOT NULL,
  `PRIMARY_PHONE` varchar(255) DEFAULT NULL,
  `SECONDARY_PHONE` varchar(255) DEFAULT NULL,
  `STANDARDIZED` tinyint(1) DEFAULT NULL,
  `TOKENIZED_ADDRESS` varchar(255) DEFAULT NULL,
  `VERIFICATION_LEVEL` varchar(255) DEFAULT NULL,
  `ZIP_FOUR` varchar(255) DEFAULT NULL,
  `COUNTRY` varchar(255) NOT NULL,
  `PHONE_FAX_ID` bigint(20) DEFAULT NULL,
  `PHONE_PRIMARY_ID` bigint(20) DEFAULT NULL,
  `PHONE_SECONDARY_ID` bigint(20) DEFAULT NULL,
  `STATE_PROV_REGION` varchar(255) DEFAULT NULL,
  PRIMARY KEY (`ADDRESS_ID`),
  KEY `ADDRESS_COUNTRY_INDEX` (`COUNTRY`),
  KEY `ADDRESS_PHONE_FAX_IDX` (`PHONE_FAX_ID`),
  KEY `ADDRESS_PHONE_PRI_IDX` (`PHONE_PRIMARY_ID`),
  KEY `ADDRESS_PHONE_SEC_IDX` (`PHONE_SECONDARY_ID`),
  KEY `ADDRESS_STATE_INDEX` (`STATE_PROV_REGION`),
  KEY `FK299F86CEA46E16CF` (`COUNTRY`),
  KEY `FK299F86CEF1A6533F` (`PHONE_FAX_ID`),
  KEY `FK299F86CEBF4449BA` (`PHONE_PRIMARY_ID`),
  KEY `FK299F86CEE12DC0C8` (`PHONE_SECONDARY_ID`),
  KEY `FK299F86CE337C4D50` (`STATE_PROV_REGION`),
  CONSTRAINT `FK299F86CE337C4D50` FOREIGN KEY (`STATE_PROV_REGION`) REFERENCES `BLC_STATE` (`ABBREVIATION`),
  CONSTRAINT `FK299F86CEA46E16CF` FOREIGN KEY (`COUNTRY`) REFERENCES `BLC_COUNTRY` (`ABBREVIATION`),
  CONSTRAINT `FK299F86CEBF4449BA` FOREIGN KEY (`PHONE_PRIMARY_ID`) REFERENCES `BLC_PHONE` (`PHONE_ID`),
  CONSTRAINT `FK299F86CEE12DC0C8` FOREIGN KEY (`PHONE_SECONDARY_ID`) REFERENCES `BLC_PHONE` (`PHONE_ID`),
  CONSTRAINT `FK299F86CEF1A6533F` FOREIGN KEY (`PHONE_FAX_ID`) REFERENCES `BLC_PHONE` (`PHONE_ID`)
) ENGINE=InnoDB DEFAULT CHARSET=latin1;
/*!40101 SET character_set_client = @saved_cs_client */;

--
-- Dumping data for table `BLC_ADDRESS`
--

LOCK TABLES `BLC_ADDRESS` WRITE;
/*!40000 ALTER TABLE `BLC_ADDRESS` DISABLE KEYS */;
INSERT INTO `BLC_ADDRESS` VALUES (1,'Hello1','Hello2','Hello3','Ahmedabad',NULL,NULL,NULL,NULL,'abc',1,0,0,'abc','380007',NULL,NULL,0,NULL,NULL,NULL,'US',1,2,3,'CA'),(2,'Hello1','Hello2','Hello3','Ahmedabad',NULL,NULL,NULL,NULL,'abc',1,0,0,'abc','380007',NULL,NULL,0,NULL,NULL,NULL,'US',4,5,6,'CA');
/*!40000 ALTER TABLE `BLC_ADDRESS` ENABLE KEYS */;
UNLOCK TABLES;

--
-- Table structure for table `BLC_ADMIN_MODULE`
--

DROP TABLE IF EXISTS `BLC_ADMIN_MODULE`;
/*!40101 SET @saved_cs_client     = @@character_set_client */;
/*!40101 SET character_set_client = utf8 */;
CREATE TABLE `BLC_ADMIN_MODULE` (
  `ADMIN_MODULE_ID` bigint(20) NOT NULL,
  `DISPLAY_ORDER` int(11) DEFAULT NULL,
  `ICON` varchar(255) DEFAULT NULL,
  `MODULE_KEY` varchar(255) NOT NULL,
  `NAME` varchar(255) NOT NULL,
  PRIMARY KEY (`ADMIN_MODULE_ID`),
  KEY `ADMINMODULE_NAME_INDEX` (`NAME`)
) ENGINE=InnoDB DEFAULT CHARSET=latin1;
/*!40101 SET character_set_client = @saved_cs_client */;

--
-- Dumping data for table `BLC_ADMIN_MODULE`
--

LOCK TABLES `BLC_ADMIN_MODULE` WRITE;
/*!40000 ALTER TABLE `BLC_ADMIN_MODULE` DISABLE KEYS */;
INSERT INTO `BLC_ADMIN_MODULE` VALUES (-7,500,'icon-refresh','BLCWorkflow','Site Updates'),(-6,400,'icon-picture','BLCDesign','Design'),(-5,700,'icon-gear','BLCModuleConfiguration','Settings'),(-4,600,'icon-user','BLCOpenAdmin','Security'),(-3,300,'icon-heart','BLCCustomerCare','Customer Care'),(-2,200,'icon-file','BLCContentManagement','Content'),(-1,100,'icon-barcode','BLCMerchandising','Catalog');
/*!40000 ALTER TABLE `BLC_ADMIN_MODULE` ENABLE KEYS */;
UNLOCK TABLES;

--
-- Table structure for table `BLC_ADMIN_PASSWORD_TOKEN`
--

DROP TABLE IF EXISTS `BLC_ADMIN_PASSWORD_TOKEN`;
/*!40101 SET @saved_cs_client     = @@character_set_client */;
/*!40101 SET character_set_client = utf8 */;
CREATE TABLE `BLC_ADMIN_PASSWORD_TOKEN` (
  `PASSWORD_TOKEN` varchar(255) NOT NULL,
  `ADMIN_USER_ID` bigint(20) NOT NULL,
  `CREATE_DATE` datetime NOT NULL,
  `TOKEN_USED_DATE` datetime DEFAULT NULL,
  `TOKEN_USED_FLAG` tinyint(1) NOT NULL,
  PRIMARY KEY (`PASSWORD_TOKEN`)
) ENGINE=InnoDB DEFAULT CHARSET=latin1;
/*!40101 SET character_set_client = @saved_cs_client */;

--
-- Dumping data for table `BLC_ADMIN_PASSWORD_TOKEN`
--

LOCK TABLES `BLC_ADMIN_PASSWORD_TOKEN` WRITE;
/*!40000 ALTER TABLE `BLC_ADMIN_PASSWORD_TOKEN` DISABLE KEYS */;
/*!40000 ALTER TABLE `BLC_ADMIN_PASSWORD_TOKEN` ENABLE KEYS */;
UNLOCK TABLES;

--
-- Table structure for table `BLC_ADMIN_PERMISSION`
--

DROP TABLE IF EXISTS `BLC_ADMIN_PERMISSION`;
/*!40101 SET @saved_cs_client     = @@character_set_client */;
/*!40101 SET character_set_client = utf8 */;
CREATE TABLE `BLC_ADMIN_PERMISSION` (
  `ADMIN_PERMISSION_ID` bigint(20) NOT NULL,
  `DESCRIPTION` varchar(255) NOT NULL,
  `IS_FRIENDLY` tinyint(1) DEFAULT NULL,
  `NAME` varchar(255) NOT NULL,
  `PERMISSION_TYPE` varchar(255) NOT NULL,
  PRIMARY KEY (`ADMIN_PERMISSION_ID`)
) ENGINE=InnoDB DEFAULT CHARSET=latin1;
/*!40101 SET character_set_client = @saved_cs_client */;

--
-- Dumping data for table `BLC_ADMIN_PERMISSION`
--

LOCK TABLES `BLC_ADMIN_PERMISSION` WRITE;
/*!40000 ALTER TABLE `BLC_ADMIN_PERMISSION` DISABLE KEYS */;
INSERT INTO `BLC_ADMIN_PERMISSION` VALUES (-201,'Read Structured Content Template',0,'PERMISSION_READ_STRUCTURED_CONTENT_TEMPLATE','READ'),(-200,'Read Page Template',0,'PERMISSION_READ_PAGE_TEMPLATE','READ'),(-151,'Maintain Permissions',1,'PERMISSION_PERM_ALL','ALL'),(-150,'View Permissions',1,'PERMISSION_PERM_VIEW','READ'),(-141,'Maintain Roles',1,'PERMISSION_ROLE_ALL','ALL'),(-140,'View Roles',1,'PERMISSION_ROLE_VIEW','READ'),(-131,'Maintain Translations',1,'PERMISSION_TRANSLATION','ALL'),(-130,'View Translations',1,'PERMISSION_TRANSLATION','READ'),(-127,'Maintain Module Configurations',1,'PERMISSION_MODULECONFIGURATION','ALL'),(-126,'View Module Configurations',1,'PERMISSION_MODULECONFIGURATION','READ'),(-123,'Maintain System Properties',1,'PERMISSION_SYSTEMPROPERTY','ALL'),(-122,'View System Properties',1,'PERMISSION_SYSTEMPROPERTY','READ'),(-121,'Maintain Users',1,'PERMISSION_USER','ALL'),(-120,'View Users',1,'PERMISSION_USER','READ'),(-119,'Maintain Customers',1,'PERMISSION_CUSTOMER','ALL'),(-118,'View Customers',1,'PERMISSION_CUSTOMER','READ'),(-117,'Maintain Orders',1,'PERMISSION_ORDER','ALL'),(-116,'View Orders',1,'PERMISSION_ORDER','READ'),(-115,'Maintain URL Redirects',1,'PERMISSION_URLREDIRECT','ALL'),(-114,'View URL Redirects',1,'PERMISSION_URLREDIRECT','READ'),(-113,'Maintain Structured Contents',1,'PERMISSION_STRUCTUREDCONTENT','ALL'),(-112,'View Structured Contents',1,'PERMISSION_STRUCTUREDCONTENT','READ'),(-111,'Maintain Assets',1,'PERMISSION_ASSET','ALL'),(-110,'View Assets',1,'PERMISSION_ASSET','READ'),(-109,'Maintain Pages',1,'PERMISSION_PAGE','ALL'),(-108,'View Pages',1,'PERMISSION_PAGE','READ'),(-107,'Maintain Offers',1,'PERMISSION_OFFER','ALL'),(-106,'View Offers',1,'PERMISSION_OFFER','READ'),(-105,'Maintain Product Options',1,'PERMISSION_PRODUCTOPTIONS','ALL'),(-104,'View Product Options',1,'PERMISSION_PRODUCTOPTIONS','READ'),(-103,'Maintain Products',1,'PERMISSION_PRODUCT','ALL'),(-102,'View Products',1,'PERMISSION_PRODUCT','READ'),(-101,'Maintain Categories',1,'PERMISSION_CATEGORY','ALL'),(-100,'View Categories',1,'PERMISSION_CATEGORY','READ'),(-51,'All Catalog Permissions',0,'PERMISSION_ALL_CATALOG_PERMS','ALL'),(-50,'Read Catalog Permissions',0,'PERMISSION_READ_CATALOG_PERMS','READ'),(-49,'All Admin Permissions',0,'PERMISSION_ALL_ADMIN_PERMS','ALL'),(-48,'Read Admin Permissions',0,'PERMISSION_READ_ADMIN_PERMS','READ'),(-47,'All Admin Roles',0,'PERMISSION_ALL_ADMIN_ROLES','ALL'),(-46,'Read Admin Roles',0,'PERMISSION_READ_ADMIN_ROLES','READ'),(-45,'All System Property',0,'PERMISSION_ALL_SYSTEM_PROPERTY','ALL'),(-44,'Read System Property',0,'PERMISSION_READ_SYSTEM_PROPERTY','READ'),(-43,'All Site Map Gen Configuration',0,'PERMISSION_ALL_SITE_MAP_GEN_CONFIG','ALL'),(-42,'Read Site Map Gen Configuration',0,'PERMISSION_READ_SITE_MAP_GEN_CONFIG','READ'),(-41,'All Translation',0,'PERMISSION_ALL_TRANSLATION','ALL'),(-40,'Read Translation',0,'PERMISSION_READ_TRANSLATION','READ'),(-39,'All Enumeration',0,'PERMISSION_ALL_ENUMERATION','ALL'),(-38,'Read Enumeration',0,'PERMISSION_READ_ENUMERATION','READ'),(-37,'All Configuration',0,'PERMISSION_ALL_MODULECONFIGURATION','ALL'),(-36,'Read Configuration',0,'PERMISSION_READ_MODULECONFIGURATION','READ'),(-35,'All Currency',0,'PERMISSION_ALL_CURRENCY','ALL'),(-34,'Read Currency',0,'PERMISSION_READ_CURRENCY','READ'),(-33,'All SearchFacet',0,'PERMISSION_ALL_SEARCHFACET','ALL'),(-32,'Read SearchFacet',0,'PERMISSION_READ_SEARCHFACET','READ'),(-31,'All SearchRedirect',0,'PERMISSION_ALL_SEARCHREDIRECT','ALL'),(-30,'Read SearchRedirect',0,'PERMISSION_READ_SEARCHREDIRECT','READ'),(-29,'All URLHandler',0,'PERMISSION_ALL_URLHANDLER','ALL'),(-28,'Read URLHandler',0,'PERMISSION_READ_URLHANDLER','READ'),(-27,'All Admin User',0,'PERMISSION_ALL_ADMIN_USER','ALL'),(-26,'Read Admin User',0,'PERMISSION_READ_ADMIN_USER','READ'),(-25,'All Structured Content',0,'PERMISSION_ALL_STRUCTURED_CONTENT','ALL'),(-24,'Read Structured Content',0,'PERMISSION_READ_STRUCTURED_CONTENT','READ'),(-23,'All Asset',0,'PERMISSION_ALL_ASSET','ALL'),(-22,'Read Asset',0,'PERMISSION_READ_ASSET','READ'),(-21,'All Page',0,'PERMISSION_ALL_PAGE','ALL'),(-20,'Read Page',0,'PERMISSION_READ_PAGE','READ'),(-19,'All Customer',0,'PERMISSION_ALL_CUSTOMER','ALL'),(-18,'Read Customer',0,'PERMISSION_READ_CUSTOMER','READ'),(-17,'All Order Item',0,'PERMISSION_ALL_ORDER_ITEM','ALL'),(-16,'Read Order Item',0,'PERMISSION_READ_ORDER_ITEM','READ'),(-15,'All Fulfillment Group',0,'PERMISSION_ALL_FULFILLMENT_GROUP','ALL'),(-14,'Read Fulfillment Group',0,'PERMISSION_READ_FULFILLMENT_GROUP','READ'),(-13,'All Order',0,'PERMISSION_ALL_ORDER','ALL'),(-12,'Read Order',0,'PERMISSION_READ_ORDER','READ'),(-11,'All Promotion',0,'PERMISSION_ALL_PROMOTION','ALL'),(-10,'Read Promotion',0,'PERMISSION_READ_PROMOTION','READ'),(-9,'All Sku',0,'PERMISSION_ALL_SKU','ALL'),(-8,'Read Sku',0,'PERMISSION_READ_SKU','READ'),(-7,'All Product Option',0,'PERMISSION_ALL_PRODUCT_OPTION','ALL'),(-6,'Read Product Option',0,'PERMISSION_READ_PRODUCT_OPTION','READ'),(-5,'All Product',0,'PERMISSION_ALL_PRODUCT','ALL'),(-4,'Read Product',0,'PERMISSION_READ_PRODUCT','READ'),(-3,'All Category',0,'PERMISSION_ALL_CATEGORY','ALL'),(-2,'Read Category',0,'PERMISSION_READ_CATEGORY','READ'),(-1,'Default Permission',0,'PERMISSION_OTHER_DEFAULT','OTHER');
/*!40000 ALTER TABLE `BLC_ADMIN_PERMISSION` ENABLE KEYS */;
UNLOCK TABLES;

--
-- Table structure for table `BLC_ADMIN_PERMISSION_ENTITY`
--

DROP TABLE IF EXISTS `BLC_ADMIN_PERMISSION_ENTITY`;
/*!40101 SET @saved_cs_client     = @@character_set_client */;
/*!40101 SET character_set_client = utf8 */;
CREATE TABLE `BLC_ADMIN_PERMISSION_ENTITY` (
  `ADMIN_PERMISSION_ENTITY_ID` bigint(20) NOT NULL,
  `CEILING_ENTITY` varchar(255) NOT NULL,
  `ADMIN_PERMISSION_ID` bigint(20) DEFAULT NULL,
  PRIMARY KEY (`ADMIN_PERMISSION_ENTITY_ID`),
  KEY `FK23C09E3DE88B7D38` (`ADMIN_PERMISSION_ID`),
  CONSTRAINT `FK23C09E3DE88B7D38` FOREIGN KEY (`ADMIN_PERMISSION_ID`) REFERENCES `BLC_ADMIN_PERMISSION` (`ADMIN_PERMISSION_ID`)
) ENGINE=InnoDB DEFAULT CHARSET=latin1;
/*!40101 SET character_set_client = @saved_cs_client */;

--
-- Dumping data for table `BLC_ADMIN_PERMISSION_ENTITY`
--

LOCK TABLES `BLC_ADMIN_PERMISSION_ENTITY` WRITE;
/*!40000 ALTER TABLE `BLC_ADMIN_PERMISSION_ENTITY` DISABLE KEYS */;
INSERT INTO `BLC_ADMIN_PERMISSION_ENTITY` VALUES (-987,'org.broadleafcommerce.common.site.domain.Site',-51),(-986,'org.broadleafcommerce.common.site.domain.Site',-50),(-985,'org.broadleafcommerce.common.site.domain.Catalog',-51),(-984,'org.broadleafcommerce.common.site.domain.Catalog',-50),(-983,'org.broadleafcommerce.openadmin.server.security.domain.AdminPermissionQualifiedEntity',-48),(-982,'org.broadleafcommerce.openadmin.server.security.domain.AdminPermissionQualifiedEntity',-49),(-981,'org.broadleafcommerce.openadmin.server.security.domain.AdminPermission',-48),(-980,'org.broadleafcommerce.openadmin.server.security.domain.AdminPermission',-48),(-971,'org.broadleafcommerce.openadmin.server.security.domain.AdminRole',-47),(-970,'org.broadleafcommerce.openadmin.server.security.domain.AdminRole',-46),(-961,'org.broadleafcommerce.common.config.domain.SystemProperty',-45),(-960,'org.broadleafcommerce.common.config.domain.SystemProperty',-44),(-953,'org.broadleafcommerce.common.sitemap.domain.SiteMapURLEntry',-43),(-952,'org.broadleafcommerce.common.sitemap.domain.SiteMapURLEntry',-42),(-951,'org.broadleafcommerce.common.sitemap.domain.SiteMapGeneratorConfiguration',-43),(-950,'org.broadleafcommerce.common.sitemap.domain.SiteMapGeneratorConfiguration',-42),(-911,'org.broadleafcommerce.common.i18n.domain.Translation',-41),(-910,'org.broadleafcommerce.common.i18n.domain.Translation',-40),(-903,'org.broadleafcommerce.common.enumeration.domain.DataDrivenEnumerationValue',-39),(-902,'org.broadleafcommerce.common.enumeration.domain.DataDrivenEnumerationValue',-38),(-901,'org.broadleafcommerce.common.enumeration.domain.DataDrivenEnumeration',-39),(-900,'org.broadleafcommerce.common.enumeration.domain.DataDrivenEnumeration',-38),(-881,'org.broadleafcommerce.common.config.domain.ModuleConfiguration',-37),(-880,'org.broadleafcommerce.common.config.domain.ModuleConfiguration',-36),(-851,'org.broadleafcommerce.common.currency.domain.BroadleafCurrency',-35),(-850,'org.broadleafcommerce.common.currency.domain.BroadleafCurrency',-34),(-809,'org.broadleafcommerce.core.search.domain.CategoryExcludedSearchFacet',-33),(-808,'org.broadleafcommerce.core.search.domain.CategoryExcludedSearchFacet',-32),(-807,'org.broadleafcommerce.core.search.domain.SearchFacetRange',-33),(-806,'org.broadleafcommerce.core.search.domain.SearchFacetRange',-32),(-805,'org.broadleafcommerce.core.search.domain.CategorySearchFacet',-33),(-804,'org.broadleafcommerce.core.search.domain.CategorySearchFacet',-32),(-803,'org.broadleafcommerce.core.search.domain.Field',-33),(-802,'org.broadleafcommerce.core.search.domain.Field',-32),(-801,'org.broadleafcommerce.core.search.domain.SearchFacet',-33),(-800,'org.broadleafcommerce.core.search.domain.SearchFacet',-32),(-781,'org.broadleafcommerce.core.search.redirect.domain.SearchRedirect',-31),(-780,'org.broadleafcommerce.core.search.redirect.domain.SearchRedirect',-30),(-753,'org.broadleafcommerce.common.locale.domain.Locale',-29),(-752,'org.broadleafcommerce.common.locale.domain.Locale',-28),(-751,'org.broadleafcommerce.cms.url.domain.URLHandler',-29),(-750,'org.broadleafcommerce.cms.url.domain.URLHandler',-28),(-721,'org.broadleafcommerce.openadmin.server.security.domain.AdminUser',-27),(-720,'org.broadleafcommerce.openadmin.server.security.domain.AdminUser',-26),(-659,'org.broadleafcommerce.common.locale.domain.Locale',-25),(-658,'org.broadleafcommerce.common.locale.domain.Locale',-24),(-657,'org.broadleafcommerce.cms.structure.domain.StructuredContentFieldTemplate',-201),(-655,'org.broadleafcommerce.cms.structure.domain.StructuredContentItemCriteria',-25),(-654,'org.broadleafcommerce.cms.structure.domain.StructuredContentItemCriteria',-24),(-653,'org.broadleafcommerce.cms.structure.domain.StructuredContentType',-201),(-651,'org.broadleafcommerce.cms.structure.domain.StructuredContent',-25),(-650,'org.broadleafcommerce.cms.structure.domain.StructuredContent',-24),(-603,'org.broadleafcommerce.cms.file.domain.StaticAssetFolder',-23),(-602,'org.broadleafcommerce.cms.file.domain.StaticAssetFolder',-22),(-601,'org.broadleafcommerce.cms.file.domain.StaticAsset',-23),(-600,'org.broadleafcommerce.cms.file.domain.StaticAsset',-22),(-557,'org.broadleafcommerce.common.locale.domain.Locale',-21),(-556,'org.broadleafcommerce.common.locale.domain.Locale',-20),(-555,'org.broadleafcommerce.cms.page.domain.PageItemCriteria',-21),(-554,'org.broadleafcommerce.cms.page.domain.PageItemCriteria',-20),(-552,'org.broadleafcommerce.cms.page.domain.PageTemplate',-200),(-551,'org.broadleafcommerce.cms.page.domain.Page',-21),(-550,'org.broadleafcommerce.cms.page.domain.Page',-20),(-514,'org.broadleafcommerce.core.catalog.domain.CrossSaleProductImpl',-19),(-513,'org.broadleafcommerce.core.catalog.domain.CrossSaleProductImpl',-18),(-512,'org.broadleafcommerce.profile.core.domain.CustomerPhone',-19),(-511,'org.broadleafcommerce.profile.core.domain.CustomerPhone',-18),(-510,'org.broadleafcommerce.profile.core.domain.CustomerPayment',-19),(-509,'org.broadleafcommerce.profile.core.domain.CustomerPayment',-18),(-508,'org.broadleafcommerce.profile.core.domain.CustomerAddress',-19),(-507,'org.broadleafcommerce.profile.core.domain.CustomerAddress',-18),(-506,'org.broadleafcommerce.profile.core.domain.CustomerAttribute',-19),(-504,'org.broadleafcommerce.profile.core.domain.CustomerAttribute',-18),(-503,'org.broadleafcommerce.profile.core.domain.ChallengeQuestion',-19),(-502,'org.broadleafcommerce.profile.core.domain.ChallengeQuestion',-18),(-501,'org.broadleafcommerce.profile.core.domain.Customer',-19),(-500,'org.broadleafcommerce.profile.core.domain.Customer',-18),(-461,'org.broadleafcommerce.core.order.domain.BundleOrderItemFeePriceImpl',-17),(-460,'org.broadleafcommerce.core.order.domain.BundleOrderItemFeePriceImpl',-16),(-459,'org.broadleafcommerce.core.order.domain.OrderItemPriceDetailImpl',-17),(-458,'org.broadleafcommerce.core.order.domain.OrderItemPriceDetailImpl',-16),(-457,'org.broadleafcommerce.core.offer.domain.OrderItemPriceDetailAdjustmentImpl',-17),(-456,'org.broadleafcommerce.core.offer.domain.OrderItemPriceDetailAdjustmentImpl',-16),(-455,'org.broadleafcommerce.core.offer.domain.OrderItemAdjustment',-17),(-454,'org.broadleafcommerce.core.offer.domain.OrderItemAdjustment',-16),(-453,'org.broadleafcommerce.core.order.domain.DiscreteOrderItemFeePrice',-17),(-452,'org.broadleafcommerce.core.order.domain.DiscreteOrderItemFeePrice',-16),(-451,'org.broadleafcommerce.core.order.domain.OrderItem',-17),(-450,'org.broadleafcommerce.core.order.domain.OrderItem',-16),(-407,'org.broadleafcommerce.core.order.domain.FulfillmentGroupItemImpl',-15),(-406,'org.broadleafcommerce.core.order.domain.FulfillmentGroupItemImpl',-14),(-405,'org.broadleafcommerce.core.order.domain.FulfillmentGroupFeeImpl',-15),(-404,'org.broadleafcommerce.core.order.domain.FulfillmentGroupFeeImpl',-14),(-403,'org.broadleafcommerce.core.offer.domain.FulfillmentGroupAdjustment',-15),(-402,'org.broadleafcommerce.core.offer.domain.FulfillmentGroupAdjustment',-14),(-401,'org.broadleafcommerce.core.order.domain.FulfillmentGroup',-15),(-400,'org.broadleafcommerce.core.order.domain.FulfillmentGroup',-14),(-370,'org.broadleafcommerce.core.payment.domain.PaymentTransactionImpl',-13),(-369,'org.broadleafcommerce.core.payment.domain.PaymentTransactionImpl',-12),(-368,'org.broadleafcommerce.profile.core.domain.State',-13),(-367,'org.broadleafcommerce.profile.core.domain.State',-12),(-366,'org.broadleafcommerce.profile.core.domain.Country',-13),(-365,'org.broadleafcommerce.profile.core.domain.Country',-12),(-361,'org.broadleafcommerce.core.payment.domain.OrderPayment',-13),(-360,'org.broadleafcommerce.core.payment.domain.OrderPayment',-12),(-356,'org.broadleafcommerce.core.offer.domain.OrderAdjustment',-13),(-355,'org.broadleafcommerce.core.offer.domain.OrderAdjustment',-12),(-351,'org.broadleafcommerce.core.order.domain.Order',-13),(-350,'org.broadleafcommerce.core.order.domain.Order',-12),(-307,'org.broadleafcommerce.core.offer.domain.OfferTier',-11),(-306,'org.broadleafcommerce.core.offer.domain.OfferTier',-10),(-305,'org.broadleafcommerce.core.offer.domain.OfferCode',-11),(-304,'org.broadleafcommerce.core.offer.domain.OfferCode',-10),(-303,'org.broadleafcommerce.core.offer.domain.OfferItemCriteria',-11),(-302,'org.broadleafcommerce.core.offer.domain.OfferItemCriteria',-10),(-301,'org.broadleafcommerce.core.offer.domain.Offer',-11),(-300,'org.broadleafcommerce.core.offer.domain.Offer',-10),(-251,'org.broadleafcommerce.core.catalog.domain.Sku',-9),(-250,'org.broadleafcommerce.core.catalog.domain.Sku',-8),(-205,'org.broadleafcommerce.core.catalog.domain.ProductOptionXref',-7),(-204,'org.broadleafcommerce.core.catalog.domain.ProductOptionXref',-6),(-203,'org.broadleafcommerce.core.catalog.domain.ProductOptionValue',-7),(-202,'org.broadleafcommerce.core.catalog.domain.ProductOptionValue',-6),(-201,'org.broadleafcommerce.core.catalog.domain.ProductOption',-7),(-200,'org.broadleafcommerce.core.catalog.domain.ProductOption',-6),(-107,'org.broadleafcommerce.core.catalog.domain.SkuBundleItemImpl',-5),(-106,'org.broadleafcommerce.core.catalog.domain.SkuBundleItemImpl',-4),(-105,'org.broadleafcommerce.core.catalog.domain.UpSaleProductImpl',-5),(-104,'org.broadleafcommerce.core.catalog.domain.UpSaleProductImpl',-4),(-103,'org.broadleafcommerce.core.catalog.domain.ProductAttribute',-5),(-102,'org.broadleafcommerce.core.catalog.domain.ProductAttribute',-4),(-101,'org.broadleafcommerce.core.catalog.domain.Product',-5),(-100,'org.broadleafcommerce.core.catalog.domain.Product',-4),(-14,'org.broadleafcommerce.core.catalog.domain.UpSaleProductImpl',-3),(-13,'org.broadleafcommerce.core.catalog.domain.UpSaleProductImpl',-2),(-12,'org.broadleafcommerce.core.catalog.domain.CrossSaleProductImpl',-3),(-11,'org.broadleafcommerce.core.catalog.domain.CrossSaleProductImpl',-2),(-10,'org.broadleafcommerce.core.catalog.domain.FeaturedProductImpl',-3),(-9,'org.broadleafcommerce.core.catalog.domain.FeaturedProductImpl',-2),(-8,'org.broadleafcommerce.core.catalog.domain.CategoryXrefImpl',-3),(-7,'org.broadleafcommerce.core.catalog.domain.CategoryXrefImpl',-2),(-6,'org.broadleafcommerce.core.catalog.domain.CategoryProductXrefImpl',-3),(-5,'org.broadleafcommerce.core.catalog.domain.CategoryProductXrefImpl',-2),(-4,'org.broadleafcommerce.core.catalog.domain.CategoryAttribute',-3),(-3,'org.broadleafcommerce.core.catalog.domain.CategoryAttribute',-2),(-2,'org.broadleafcommerce.core.catalog.domain.Category',-3),(-1,'org.broadleafcommerce.core.catalog.domain.Category',-2);
/*!40000 ALTER TABLE `BLC_ADMIN_PERMISSION_ENTITY` ENABLE KEYS */;
UNLOCK TABLES;

--
-- Table structure for table `BLC_ADMIN_PERMISSION_XREF`
--

DROP TABLE IF EXISTS `BLC_ADMIN_PERMISSION_XREF`;
/*!40101 SET @saved_cs_client     = @@character_set_client */;
/*!40101 SET character_set_client = utf8 */;
CREATE TABLE `BLC_ADMIN_PERMISSION_XREF` (
  `CHILD_PERMISSION_ID` bigint(20) NOT NULL,
  `ADMIN_PERMISSION_ID` bigint(20) NOT NULL,
  KEY `FKBCAD1F5E88B7D38` (`ADMIN_PERMISSION_ID`),
  KEY `FKBCAD1F575A3C445` (`CHILD_PERMISSION_ID`),
  CONSTRAINT `FKBCAD1F575A3C445` FOREIGN KEY (`CHILD_PERMISSION_ID`) REFERENCES `BLC_ADMIN_PERMISSION` (`ADMIN_PERMISSION_ID`),
  CONSTRAINT `FKBCAD1F5E88B7D38` FOREIGN KEY (`ADMIN_PERMISSION_ID`) REFERENCES `BLC_ADMIN_PERMISSION` (`ADMIN_PERMISSION_ID`)
) ENGINE=InnoDB DEFAULT CHARSET=latin1;
/*!40101 SET character_set_client = @saved_cs_client */;

--
-- Dumping data for table `BLC_ADMIN_PERMISSION_XREF`
--

LOCK TABLES `BLC_ADMIN_PERMISSION_XREF` WRITE;
/*!40000 ALTER TABLE `BLC_ADMIN_PERMISSION_XREF` DISABLE KEYS */;
INSERT INTO `BLC_ADMIN_PERMISSION_XREF` VALUES (-2,-100),(-4,-100),(-32,-100),(-51,-100),(-3,-101),(-4,-101),(-32,-101),(-51,-101),(-4,-102),(-6,-102),(-8,-102),(-34,-102),(-51,-101),(-5,-103),(-6,-103),(-9,-103),(-34,-103),(-51,-103),(-6,-104),(-32,-104),(-51,-104),(-7,-105),(-32,-105),(-51,-105),(-10,-106),(-51,-106),(-11,-107),(-51,-106),(-20,-108),(-200,-108),(-21,-109),(-200,-109),(-22,-110),(-23,-111),(-24,-112),(-201,-112),(-25,-113),(-201,-113),(-28,-114),(-29,-115),(-12,-116),(-16,-116),(-14,-116),(-10,-116),(-13,-117),(-16,-117),(-14,-117),(-10,-117),(-18,-118),(-19,-119),(-26,-120),(-46,-120),(-48,-120),(-27,-121),(-46,-120),(-48,-120),(-44,-122),(-45,-123),(-36,-126),(-37,-127),(-40,-130),(-41,-131),(-46,-140),(-48,-140),(-47,-141),(-48,-141),(-48,-150),(-49,-151);
/*!40000 ALTER TABLE `BLC_ADMIN_PERMISSION_XREF` ENABLE KEYS */;
UNLOCK TABLES;

--
-- Table structure for table `BLC_ADMIN_ROLE`
--

DROP TABLE IF EXISTS `BLC_ADMIN_ROLE`;
/*!40101 SET @saved_cs_client     = @@character_set_client */;
/*!40101 SET character_set_client = utf8 */;
CREATE TABLE `BLC_ADMIN_ROLE` (
  `ADMIN_ROLE_ID` bigint(20) NOT NULL,
  `DESCRIPTION` varchar(255) NOT NULL,
  `NAME` varchar(255) NOT NULL,
  PRIMARY KEY (`ADMIN_ROLE_ID`)
) ENGINE=InnoDB DEFAULT CHARSET=latin1;
/*!40101 SET character_set_client = @saved_cs_client */;

--
-- Dumping data for table `BLC_ADMIN_ROLE`
--

LOCK TABLES `BLC_ADMIN_ROLE` WRITE;
/*!40000 ALTER TABLE `BLC_ADMIN_ROLE` DISABLE KEYS */;
INSERT INTO `BLC_ADMIN_ROLE` VALUES (-7,'CMS Designer','ROLE_CONTENT_DESIGNER'),(-6,'CMS Approver','ROLE_CONTENT_APPROVER'),(-5,'CMS Editor','ROLE_CONTENT_EDITOR'),(-4,'CSR','ROLE_CUSTOMER_SERVICE_REP'),(-3,'Promotion Manager','ROLE_PROMOTION_MANAGER'),(-2,'Merchandiser','ROLE_MERCHANDISE_MANAGER'),(-1,'Admin Master Access','ROLE_ADMIN');
/*!40000 ALTER TABLE `BLC_ADMIN_ROLE` ENABLE KEYS */;
UNLOCK TABLES;

--
-- Table structure for table `BLC_ADMIN_ROLE_PERMISSION_XREF`
--

DROP TABLE IF EXISTS `BLC_ADMIN_ROLE_PERMISSION_XREF`;
/*!40101 SET @saved_cs_client     = @@character_set_client */;
/*!40101 SET character_set_client = utf8 */;
CREATE TABLE `BLC_ADMIN_ROLE_PERMISSION_XREF` (
  `ADMIN_ROLE_ID` bigint(20) NOT NULL,
  `ADMIN_PERMISSION_ID` bigint(20) NOT NULL,
  PRIMARY KEY (`ADMIN_PERMISSION_ID`,`ADMIN_ROLE_ID`),
  KEY `FK4A819D98E88B7D38` (`ADMIN_PERMISSION_ID`),
  KEY `FK4A819D985F43AAD8` (`ADMIN_ROLE_ID`),
  CONSTRAINT `FK4A819D985F43AAD8` FOREIGN KEY (`ADMIN_ROLE_ID`) REFERENCES `BLC_ADMIN_ROLE` (`ADMIN_ROLE_ID`),
  CONSTRAINT `FK4A819D98E88B7D38` FOREIGN KEY (`ADMIN_PERMISSION_ID`) REFERENCES `BLC_ADMIN_PERMISSION` (`ADMIN_PERMISSION_ID`)
) ENGINE=InnoDB DEFAULT CHARSET=latin1;
/*!40101 SET character_set_client = @saved_cs_client */;

--
-- Dumping data for table `BLC_ADMIN_ROLE_PERMISSION_XREF`
--

LOCK TABLES `BLC_ADMIN_ROLE_PERMISSION_XREF` WRITE;
/*!40000 ALTER TABLE `BLC_ADMIN_ROLE_PERMISSION_XREF` DISABLE KEYS */;
INSERT INTO `BLC_ADMIN_ROLE_PERMISSION_XREF` VALUES (-1,-141),(-5,-131),(-3,-131),(-2,-131),(-1,-131),(-1,-127),(-1,-123),(-1,-121),(-4,-119),(-1,-119),(-4,-117),(-1,-117),(-1,-115),(-5,-113),(-1,-113),(-6,-111),(-5,-111),(-2,-111),(-1,-111),(-6,-109),(-5,-109),(-1,-109),(-3,-107),(-1,-107),(-2,-105),(-1,-105),(-2,-103),(-1,-103),(-2,-101),(-1,-101);
/*!40000 ALTER TABLE `BLC_ADMIN_ROLE_PERMISSION_XREF` ENABLE KEYS */;
UNLOCK TABLES;

--
-- Table structure for table `BLC_ADMIN_SECTION`
--

DROP TABLE IF EXISTS `BLC_ADMIN_SECTION`;
/*!40101 SET @saved_cs_client     = @@character_set_client */;
/*!40101 SET character_set_client = utf8 */;
CREATE TABLE `BLC_ADMIN_SECTION` (
  `ADMIN_SECTION_ID` bigint(20) NOT NULL,
  `CEILING_ENTITY` varchar(255) DEFAULT NULL,
  `DISPLAY_CONTROLLER` varchar(255) DEFAULT NULL,
  `DISPLAY_ORDER` int(11) DEFAULT NULL,
  `NAME` varchar(255) NOT NULL,
  `SECTION_KEY` varchar(255) NOT NULL,
  `URL` varchar(255) DEFAULT NULL,
  `USE_DEFAULT_HANDLER` tinyint(1) DEFAULT NULL,
  `ADMIN_MODULE_ID` bigint(20) NOT NULL,
  PRIMARY KEY (`ADMIN_SECTION_ID`),
  UNIQUE KEY `uc_BLC_ADMIN_SECTION_1` (`SECTION_KEY`),
  KEY `ADMINSECTION_MODULE_INDEX` (`ADMIN_MODULE_ID`),
  KEY `ADMINSECTION_NAME_INDEX` (`NAME`),
  KEY `FK7EA7D92FB1A18498` (`ADMIN_MODULE_ID`),
  CONSTRAINT `FK7EA7D92FB1A18498` FOREIGN KEY (`ADMIN_MODULE_ID`) REFERENCES `BLC_ADMIN_MODULE` (`ADMIN_MODULE_ID`)
) ENGINE=InnoDB DEFAULT CHARSET=latin1;
/*!40101 SET character_set_client = @saved_cs_client */;

--
-- Dumping data for table `BLC_ADMIN_SECTION`
--

LOCK TABLES `BLC_ADMIN_SECTION` WRITE;
/*!40000 ALTER TABLE `BLC_ADMIN_SECTION` DISABLE KEYS */;
INSERT INTO `BLC_ADMIN_SECTION` VALUES (-17,'org.broadleafcommerce.openadmin.server.security.domain.AdminPermission',NULL,3000,'Permission Management','PermissionManagement','/permission-management',NULL,-4),(-16,'org.broadleafcommerce.common.config.domain.SystemProperty',NULL,2000,'System Properties','SystemProperties','/system-properties',NULL,-5),(-15,'org.broadleafcommerce.common.config.domain.SystemProperty',NULL,3000,'System Property Management','SystemPropertyManagement','/system-properties-management',NULL,-5),(-13,'org.broadleafcommerce.common.config.domain.ModuleConfiguration',NULL,1000,'Configuration Management','ConfigurationManagement','/configuration-management',NULL,-5),(-12,'org.broadleafcommerce.openadmin.server.security.domain.AdminRole',NULL,2000,'Role Management','RoleManagement','/role-management',NULL,-4),(-11,'org.broadleafcommerce.openadmin.server.security.domain.AdminUser',NULL,1000,'User Management','UserManagement','/user-management',NULL,-4),(-10,'org.broadleafcommerce.profile.core.domain.Customer',NULL,1000,'Customer','Customer','/customer',NULL,-3),(-9,'org.broadleafcommerce.core.order.domain.Order',NULL,2000,'Order','Order','/order',NULL,-3),(-8,'org.broadleafcommerce.cms.url.domain.URLHandler',NULL,4000,'Redirect URL','RedirectURL','/redirect-url',NULL,-2),(-7,'org.broadleafcommerce.cms.structure.domain.StructuredContent',NULL,2000,'Structured Content','StructuredContent','/structured-content',NULL,-2),(-6,'org.broadleafcommerce.cms.file.domain.StaticAsset',NULL,3000,'Assets','Assets','/assets',NULL,-2),(-5,'org.broadleafcommerce.cms.page.domain.Page',NULL,1000,'Pages','Pages','/pages',NULL,-2),(-4,'org.broadleafcommerce.core.offer.domain.Offer',NULL,4000,'Offer','Offer','/offer',NULL,-1),(-3,'org.broadleafcommerce.core.catalog.domain.ProductOption',NULL,3000,'Product Options','ProductOptions','/product-options',NULL,-1),(-2,'org.broadleafcommerce.core.catalog.domain.Product',NULL,2000,'Product','Product','/product',NULL,-1),(-1,'org.broadleafcommerce.core.catalog.domain.Category',NULL,1000,'Category','Category','/category',NULL,-1);
/*!40000 ALTER TABLE `BLC_ADMIN_SECTION` ENABLE KEYS */;
UNLOCK TABLES;

--
-- Table structure for table `BLC_ADMIN_SEC_PERM_XREF`
--

DROP TABLE IF EXISTS `BLC_ADMIN_SEC_PERM_XREF`;
/*!40101 SET @saved_cs_client     = @@character_set_client */;
/*!40101 SET character_set_client = utf8 */;
CREATE TABLE `BLC_ADMIN_SEC_PERM_XREF` (
  `ADMIN_SECTION_ID` bigint(20) NOT NULL,
  `ADMIN_PERMISSION_ID` bigint(20) NOT NULL,
  KEY `FK5E832966E88B7D38` (`ADMIN_PERMISSION_ID`),
  KEY `FK5E8329663AF7F0FC` (`ADMIN_SECTION_ID`),
  CONSTRAINT `FK5E8329663AF7F0FC` FOREIGN KEY (`ADMIN_SECTION_ID`) REFERENCES `BLC_ADMIN_SECTION` (`ADMIN_SECTION_ID`),
  CONSTRAINT `FK5E832966E88B7D38` FOREIGN KEY (`ADMIN_PERMISSION_ID`) REFERENCES `BLC_ADMIN_PERMISSION` (`ADMIN_PERMISSION_ID`)
) ENGINE=InnoDB DEFAULT CHARSET=latin1;
/*!40101 SET character_set_client = @saved_cs_client */;

--
-- Dumping data for table `BLC_ADMIN_SEC_PERM_XREF`
--

LOCK TABLES `BLC_ADMIN_SEC_PERM_XREF` WRITE;
/*!40000 ALTER TABLE `BLC_ADMIN_SEC_PERM_XREF` DISABLE KEYS */;
INSERT INTO `BLC_ADMIN_SEC_PERM_XREF` VALUES (-1,-100),(-1,-101),(-2,-102),(-2,-103),(-3,-104),(-3,-105),(-4,-106),(-4,-107),(-5,-108),(-5,-109),(-6,-110),(-6,-111),(-7,-112),(-7,-113),(-8,-114),(-8,-115),(-9,-116),(-9,-117),(-10,-118),(-10,-119),(-11,-120),(-11,-121),(-12,-140),(-12,-141),(-13,-126),(-13,-127),(-15,-122),(-15,-123),(-16,-122),(-16,-123),(-17,-150),(-17,-151);
/*!40000 ALTER TABLE `BLC_ADMIN_SEC_PERM_XREF` ENABLE KEYS */;
UNLOCK TABLES;

--
-- Table structure for table `BLC_ADMIN_USER`
--

DROP TABLE IF EXISTS `BLC_ADMIN_USER`;
/*!40101 SET @saved_cs_client     = @@character_set_client */;
/*!40101 SET character_set_client = utf8 */;
CREATE TABLE `BLC_ADMIN_USER` (
  `ADMIN_USER_ID` bigint(20) NOT NULL,
  `ACTIVE_STATUS_FLAG` tinyint(1) DEFAULT NULL,
  `EMAIL` varchar(255) NOT NULL,
  `LOGIN` varchar(255) NOT NULL,
  `NAME` varchar(255) NOT NULL,
  `PASSWORD` varchar(255) DEFAULT NULL,
  `PHONE_NUMBER` varchar(255) DEFAULT NULL,
  PRIMARY KEY (`ADMIN_USER_ID`),
  KEY `ADMINPERM_EMAIL_INDEX` (`EMAIL`),
  KEY `ADMINUSER_NAME_INDEX` (`NAME`)
) ENGINE=InnoDB DEFAULT CHARSET=latin1;
/*!40101 SET character_set_client = @saved_cs_client */;

--
-- Dumping data for table `BLC_ADMIN_USER`
--

LOCK TABLES `BLC_ADMIN_USER` WRITE;
/*!40000 ALTER TABLE `BLC_ADMIN_USER` DISABLE KEYS */;
INSERT INTO `BLC_ADMIN_USER` VALUES (-6,1,'cms_approver@yourdomain.com','cmsApprover','CMS Approver','admin{-6}',NULL),(-5,1,'cms_edit@yourdomain.com','cmsEditor','CMS Editor','admin{-5}',NULL),(-4,1,'csr@yourdomain.com','csr','CSR','admin{-4}',NULL),(-3,1,'promo@yourdomain.com','promo','Promotion Manager','admin{-3}',NULL),(-2,1,'merchandise@yourdomain.com','merchandise','Merchandise Manager','admin{-2}',NULL),(-1,1,'admin@yourdomain.com','admin','Administrator','admin{-1}',NULL);
/*!40000 ALTER TABLE `BLC_ADMIN_USER` ENABLE KEYS */;
UNLOCK TABLES;

--
-- Table structure for table `BLC_ADMIN_USER_ADDTL_FIELDS`
--

DROP TABLE IF EXISTS `BLC_ADMIN_USER_ADDTL_FIELDS`;
/*!40101 SET @saved_cs_client     = @@character_set_client */;
/*!40101 SET character_set_client = utf8 */;
CREATE TABLE `BLC_ADMIN_USER_ADDTL_FIELDS` (
  `ADMIN_USER_ID` bigint(20) NOT NULL,
  `FIELD_VALUE` varchar(255) DEFAULT NULL,
  `FIELD_NAME` varchar(255) NOT NULL,
  PRIMARY KEY (`ADMIN_USER_ID`,`FIELD_NAME`),
  KEY `FK73274CDD46EBC38` (`ADMIN_USER_ID`),
  CONSTRAINT `FK73274CDD46EBC38` FOREIGN KEY (`ADMIN_USER_ID`) REFERENCES `BLC_ADMIN_USER` (`ADMIN_USER_ID`)
) ENGINE=InnoDB DEFAULT CHARSET=latin1;
/*!40101 SET character_set_client = @saved_cs_client */;

--
-- Dumping data for table `BLC_ADMIN_USER_ADDTL_FIELDS`
--

LOCK TABLES `BLC_ADMIN_USER_ADDTL_FIELDS` WRITE;
/*!40000 ALTER TABLE `BLC_ADMIN_USER_ADDTL_FIELDS` DISABLE KEYS */;
/*!40000 ALTER TABLE `BLC_ADMIN_USER_ADDTL_FIELDS` ENABLE KEYS */;
UNLOCK TABLES;

--
-- Table structure for table `BLC_ADMIN_USER_PERMISSION_XREF`
--

DROP TABLE IF EXISTS `BLC_ADMIN_USER_PERMISSION_XREF`;
/*!40101 SET @saved_cs_client     = @@character_set_client */;
/*!40101 SET character_set_client = utf8 */;
CREATE TABLE `BLC_ADMIN_USER_PERMISSION_XREF` (
  `ADMIN_USER_ID` bigint(20) NOT NULL,
  `ADMIN_PERMISSION_ID` bigint(20) NOT NULL,
  PRIMARY KEY (`ADMIN_PERMISSION_ID`,`ADMIN_USER_ID`),
  KEY `FKF0B3BEEDE88B7D38` (`ADMIN_PERMISSION_ID`),
  KEY `FKF0B3BEED46EBC38` (`ADMIN_USER_ID`),
  CONSTRAINT `FKF0B3BEED46EBC38` FOREIGN KEY (`ADMIN_USER_ID`) REFERENCES `BLC_ADMIN_USER` (`ADMIN_USER_ID`),
  CONSTRAINT `FKF0B3BEEDE88B7D38` FOREIGN KEY (`ADMIN_PERMISSION_ID`) REFERENCES `BLC_ADMIN_PERMISSION` (`ADMIN_PERMISSION_ID`)
) ENGINE=InnoDB DEFAULT CHARSET=latin1;
/*!40101 SET character_set_client = @saved_cs_client */;

--
-- Dumping data for table `BLC_ADMIN_USER_PERMISSION_XREF`
--

LOCK TABLES `BLC_ADMIN_USER_PERMISSION_XREF` WRITE;
/*!40000 ALTER TABLE `BLC_ADMIN_USER_PERMISSION_XREF` DISABLE KEYS */;
/*!40000 ALTER TABLE `BLC_ADMIN_USER_PERMISSION_XREF` ENABLE KEYS */;
UNLOCK TABLES;

--
-- Table structure for table `BLC_ADMIN_USER_ROLE_XREF`
--

DROP TABLE IF EXISTS `BLC_ADMIN_USER_ROLE_XREF`;
/*!40101 SET @saved_cs_client     = @@character_set_client */;
/*!40101 SET character_set_client = utf8 */;
CREATE TABLE `BLC_ADMIN_USER_ROLE_XREF` (
  `ADMIN_USER_ID` bigint(20) NOT NULL,
  `ADMIN_ROLE_ID` bigint(20) NOT NULL,
  PRIMARY KEY (`ADMIN_ROLE_ID`,`ADMIN_USER_ID`),
  KEY `FKFFD33A265F43AAD8` (`ADMIN_ROLE_ID`),
  KEY `FKFFD33A2646EBC38` (`ADMIN_USER_ID`),
  CONSTRAINT `FKFFD33A2646EBC38` FOREIGN KEY (`ADMIN_USER_ID`) REFERENCES `BLC_ADMIN_USER` (`ADMIN_USER_ID`),
  CONSTRAINT `FKFFD33A265F43AAD8` FOREIGN KEY (`ADMIN_ROLE_ID`) REFERENCES `BLC_ADMIN_ROLE` (`ADMIN_ROLE_ID`)
) ENGINE=InnoDB DEFAULT CHARSET=latin1;
/*!40101 SET character_set_client = @saved_cs_client */;

--
-- Dumping data for table `BLC_ADMIN_USER_ROLE_XREF`
--

LOCK TABLES `BLC_ADMIN_USER_ROLE_XREF` WRITE;
/*!40000 ALTER TABLE `BLC_ADMIN_USER_ROLE_XREF` DISABLE KEYS */;
INSERT INTO `BLC_ADMIN_USER_ROLE_XREF` VALUES (-6,-6),(-5,-5),(-4,-4),(-3,-3),(-2,-2),(-1,-1);
/*!40000 ALTER TABLE `BLC_ADMIN_USER_ROLE_XREF` ENABLE KEYS */;
UNLOCK TABLES;

--
-- Table structure for table `BLC_ADMIN_USER_SANDBOX`
--

DROP TABLE IF EXISTS `BLC_ADMIN_USER_SANDBOX`;
/*!40101 SET @saved_cs_client     = @@character_set_client */;
/*!40101 SET character_set_client = utf8 */;
CREATE TABLE `BLC_ADMIN_USER_SANDBOX` (
  `SANDBOX_ID` bigint(20) DEFAULT NULL,
  `ADMIN_USER_ID` bigint(20) NOT NULL,
  PRIMARY KEY (`ADMIN_USER_ID`),
  KEY `FKD0A97E09579FE59D` (`SANDBOX_ID`),
  KEY `FKD0A97E0946EBC38` (`ADMIN_USER_ID`),
  CONSTRAINT `FKD0A97E0946EBC38` FOREIGN KEY (`ADMIN_USER_ID`) REFERENCES `BLC_ADMIN_USER` (`ADMIN_USER_ID`),
  CONSTRAINT `FKD0A97E09579FE59D` FOREIGN KEY (`SANDBOX_ID`) REFERENCES `BLC_SANDBOX` (`SANDBOX_ID`)
) ENGINE=InnoDB DEFAULT CHARSET=latin1;
/*!40101 SET character_set_client = @saved_cs_client */;

--
-- Dumping data for table `BLC_ADMIN_USER_SANDBOX`
--

LOCK TABLES `BLC_ADMIN_USER_SANDBOX` WRITE;
/*!40000 ALTER TABLE `BLC_ADMIN_USER_SANDBOX` DISABLE KEYS */;
/*!40000 ALTER TABLE `BLC_ADMIN_USER_SANDBOX` ENABLE KEYS */;
UNLOCK TABLES;

--
-- Table structure for table `BLC_ASSET_DESC_MAP`
--

DROP TABLE IF EXISTS `BLC_ASSET_DESC_MAP`;
/*!40101 SET @saved_cs_client     = @@character_set_client */;
/*!40101 SET character_set_client = utf8 */;
CREATE TABLE `BLC_ASSET_DESC_MAP` (
  `STATIC_ASSET_ID` bigint(20) NOT NULL,
  `STATIC_ASSET_DESC_ID` bigint(20) NOT NULL,
  `MAP_KEY` varchar(255) NOT NULL,
  PRIMARY KEY (`STATIC_ASSET_ID`,`MAP_KEY`),
  KEY `FKE886BAE3E2BA0C9D` (`STATIC_ASSET_DESC_ID`),
  KEY `FKE886BAE367F70B63` (`STATIC_ASSET_ID`),
  CONSTRAINT `FKE886BAE367F70B63` FOREIGN KEY (`STATIC_ASSET_ID`) REFERENCES `BLC_STATIC_ASSET` (`STATIC_ASSET_ID`),
  CONSTRAINT `FKE886BAE3E2BA0C9D` FOREIGN KEY (`STATIC_ASSET_DESC_ID`) REFERENCES `BLC_STATIC_ASSET_DESC` (`STATIC_ASSET_DESC_ID`)
) ENGINE=InnoDB DEFAULT CHARSET=latin1;
/*!40101 SET character_set_client = @saved_cs_client */;

--
-- Dumping data for table `BLC_ASSET_DESC_MAP`
--

LOCK TABLES `BLC_ASSET_DESC_MAP` WRITE;
/*!40000 ALTER TABLE `BLC_ASSET_DESC_MAP` DISABLE KEYS */;
/*!40000 ALTER TABLE `BLC_ASSET_DESC_MAP` ENABLE KEYS */;
UNLOCK TABLES;

--
-- Table structure for table `BLC_BANK_ACCOUNT_PAYMENT`
--

DROP TABLE IF EXISTS `BLC_BANK_ACCOUNT_PAYMENT`;
/*!40101 SET @saved_cs_client     = @@character_set_client */;
/*!40101 SET character_set_client = utf8 */;
CREATE TABLE `BLC_BANK_ACCOUNT_PAYMENT` (
  `PAYMENT_ID` bigint(20) NOT NULL,
  `ACCOUNT_NUMBER` varchar(255) NOT NULL,
  `REFERENCE_NUMBER` varchar(255) NOT NULL,
  `ROUTING_NUMBER` varchar(255) NOT NULL,
  PRIMARY KEY (`PAYMENT_ID`),
  KEY `BANKACCOUNT_INDEX` (`REFERENCE_NUMBER`)
) ENGINE=InnoDB DEFAULT CHARSET=latin1;
/*!40101 SET character_set_client = @saved_cs_client */;

--
-- Dumping data for table `BLC_BANK_ACCOUNT_PAYMENT`
--

LOCK TABLES `BLC_BANK_ACCOUNT_PAYMENT` WRITE;
/*!40000 ALTER TABLE `BLC_BANK_ACCOUNT_PAYMENT` DISABLE KEYS */;
/*!40000 ALTER TABLE `BLC_BANK_ACCOUNT_PAYMENT` ENABLE KEYS */;
UNLOCK TABLES;

--
-- Table structure for table `BLC_BUNDLE_ORDER_ITEM`
--

DROP TABLE IF EXISTS `BLC_BUNDLE_ORDER_ITEM`;
/*!40101 SET @saved_cs_client     = @@character_set_client */;
/*!40101 SET character_set_client = utf8 */;
CREATE TABLE `BLC_BUNDLE_ORDER_ITEM` (
  `BASE_RETAIL_PRICE` decimal(19,5) DEFAULT NULL,
  `BASE_SALE_PRICE` decimal(19,5) DEFAULT NULL,
  `ORDER_ITEM_ID` bigint(20) NOT NULL,
  `PRODUCT_BUNDLE_ID` bigint(20) DEFAULT NULL,
  `SKU_ID` bigint(20) DEFAULT NULL,
  PRIMARY KEY (`ORDER_ITEM_ID`),
  KEY `FK489703DBCCF29B96` (`PRODUCT_BUNDLE_ID`),
  KEY `FK489703DBB78C9977` (`SKU_ID`),
  KEY `FK489703DB9AF166DF` (`ORDER_ITEM_ID`),
  CONSTRAINT `FK489703DB9AF166DF` FOREIGN KEY (`ORDER_ITEM_ID`) REFERENCES `BLC_ORDER_ITEM` (`ORDER_ITEM_ID`),
  CONSTRAINT `FK489703DBB78C9977` FOREIGN KEY (`SKU_ID`) REFERENCES `BLC_SKU` (`SKU_ID`),
  CONSTRAINT `FK489703DBCCF29B96` FOREIGN KEY (`PRODUCT_BUNDLE_ID`) REFERENCES `BLC_PRODUCT_BUNDLE` (`PRODUCT_ID`)
) ENGINE=InnoDB DEFAULT CHARSET=latin1;
/*!40101 SET character_set_client = @saved_cs_client */;

--
-- Dumping data for table `BLC_BUNDLE_ORDER_ITEM`
--

LOCK TABLES `BLC_BUNDLE_ORDER_ITEM` WRITE;
/*!40000 ALTER TABLE `BLC_BUNDLE_ORDER_ITEM` DISABLE KEYS */;
/*!40000 ALTER TABLE `BLC_BUNDLE_ORDER_ITEM` ENABLE KEYS */;
UNLOCK TABLES;

--
-- Table structure for table `BLC_BUND_ITEM_FEE_PRICE`
--

DROP TABLE IF EXISTS `BLC_BUND_ITEM_FEE_PRICE`;
/*!40101 SET @saved_cs_client     = @@character_set_client */;
/*!40101 SET character_set_client = utf8 */;
CREATE TABLE `BLC_BUND_ITEM_FEE_PRICE` (
  `BUND_ITEM_FEE_PRICE_ID` bigint(20) NOT NULL,
  `AMOUNT` decimal(19,5) DEFAULT NULL,
  `IS_TAXABLE` tinyint(1) DEFAULT NULL,
  `NAME` varchar(255) DEFAULT NULL,
  `REPORTING_CODE` varchar(255) DEFAULT NULL,
  `BUND_ORDER_ITEM_ID` bigint(20) NOT NULL,
  PRIMARY KEY (`BUND_ITEM_FEE_PRICE_ID`),
  KEY `FK14267A943FC68307` (`BUND_ORDER_ITEM_ID`),
  CONSTRAINT `FK14267A943FC68307` FOREIGN KEY (`BUND_ORDER_ITEM_ID`) REFERENCES `BLC_BUNDLE_ORDER_ITEM` (`ORDER_ITEM_ID`)
) ENGINE=InnoDB DEFAULT CHARSET=latin1;
/*!40101 SET character_set_client = @saved_cs_client */;

--
-- Dumping data for table `BLC_BUND_ITEM_FEE_PRICE`
--

LOCK TABLES `BLC_BUND_ITEM_FEE_PRICE` WRITE;
/*!40000 ALTER TABLE `BLC_BUND_ITEM_FEE_PRICE` DISABLE KEYS */;
/*!40000 ALTER TABLE `BLC_BUND_ITEM_FEE_PRICE` ENABLE KEYS */;
UNLOCK TABLES;

--
-- Table structure for table `BLC_CANDIDATE_FG_OFFER`
--

DROP TABLE IF EXISTS `BLC_CANDIDATE_FG_OFFER`;
/*!40101 SET @saved_cs_client     = @@character_set_client */;
/*!40101 SET character_set_client = utf8 */;
CREATE TABLE `BLC_CANDIDATE_FG_OFFER` (
  `CANDIDATE_FG_OFFER_ID` bigint(20) NOT NULL,
  `DISCOUNTED_PRICE` decimal(19,5) DEFAULT NULL,
  `FULFILLMENT_GROUP_ID` bigint(20) DEFAULT NULL,
  `OFFER_ID` bigint(20) NOT NULL,
  PRIMARY KEY (`CANDIDATE_FG_OFFER_ID`),
  KEY `CANDIDATE_FG_INDEX` (`FULFILLMENT_GROUP_ID`),
  KEY `CANDIDATE_FGOFFER_INDEX` (`OFFER_ID`),
  KEY `FKCE785605028DC55` (`FULFILLMENT_GROUP_ID`),
  KEY `FKCE78560D5F3FAF4` (`OFFER_ID`),
  CONSTRAINT `FKCE78560D5F3FAF4` FOREIGN KEY (`OFFER_ID`) REFERENCES `BLC_OFFER` (`OFFER_ID`),
  CONSTRAINT `FKCE785605028DC55` FOREIGN KEY (`FULFILLMENT_GROUP_ID`) REFERENCES `BLC_FULFILLMENT_GROUP` (`FULFILLMENT_GROUP_ID`)
) ENGINE=InnoDB DEFAULT CHARSET=latin1;
/*!40101 SET character_set_client = @saved_cs_client */;

--
-- Dumping data for table `BLC_CANDIDATE_FG_OFFER`
--

LOCK TABLES `BLC_CANDIDATE_FG_OFFER` WRITE;
/*!40000 ALTER TABLE `BLC_CANDIDATE_FG_OFFER` DISABLE KEYS */;
/*!40000 ALTER TABLE `BLC_CANDIDATE_FG_OFFER` ENABLE KEYS */;
UNLOCK TABLES;

--
-- Table structure for table `BLC_CANDIDATE_ITEM_OFFER`
--

DROP TABLE IF EXISTS `BLC_CANDIDATE_ITEM_OFFER`;
/*!40101 SET @saved_cs_client     = @@character_set_client */;
/*!40101 SET character_set_client = utf8 */;
CREATE TABLE `BLC_CANDIDATE_ITEM_OFFER` (
  `CANDIDATE_ITEM_OFFER_ID` bigint(20) NOT NULL,
  `DISCOUNTED_PRICE` decimal(19,5) DEFAULT NULL,
  `OFFER_ID` bigint(20) NOT NULL,
  `ORDER_ITEM_ID` bigint(20) DEFAULT NULL,
  PRIMARY KEY (`CANDIDATE_ITEM_OFFER_ID`),
  KEY `CANDIDATE_ITEMOFFER_INDEX` (`OFFER_ID`),
  KEY `CANDIDATE_ITEM_INDEX` (`ORDER_ITEM_ID`),
  KEY `FK9EEE9B2D5F3FAF4` (`OFFER_ID`),
  KEY `FK9EEE9B29AF166DF` (`ORDER_ITEM_ID`),
  CONSTRAINT `FK9EEE9B29AF166DF` FOREIGN KEY (`ORDER_ITEM_ID`) REFERENCES `BLC_ORDER_ITEM` (`ORDER_ITEM_ID`),
  CONSTRAINT `FK9EEE9B2D5F3FAF4` FOREIGN KEY (`OFFER_ID`) REFERENCES `BLC_OFFER` (`OFFER_ID`)
) ENGINE=InnoDB DEFAULT CHARSET=latin1;
/*!40101 SET character_set_client = @saved_cs_client */;

--
-- Dumping data for table `BLC_CANDIDATE_ITEM_OFFER`
--

LOCK TABLES `BLC_CANDIDATE_ITEM_OFFER` WRITE;
/*!40000 ALTER TABLE `BLC_CANDIDATE_ITEM_OFFER` DISABLE KEYS */;
/*!40000 ALTER TABLE `BLC_CANDIDATE_ITEM_OFFER` ENABLE KEYS */;
UNLOCK TABLES;

--
-- Table structure for table `BLC_CANDIDATE_ORDER_OFFER`
--

DROP TABLE IF EXISTS `BLC_CANDIDATE_ORDER_OFFER`;
/*!40101 SET @saved_cs_client     = @@character_set_client */;
/*!40101 SET character_set_client = utf8 */;
CREATE TABLE `BLC_CANDIDATE_ORDER_OFFER` (
  `CANDIDATE_ORDER_OFFER_ID` bigint(20) NOT NULL,
  `DISCOUNTED_PRICE` decimal(19,5) DEFAULT NULL,
  `OFFER_ID` bigint(20) NOT NULL,
  `ORDER_ID` bigint(20) DEFAULT NULL,
  PRIMARY KEY (`CANDIDATE_ORDER_OFFER_ID`),
  KEY `CANDIDATE_ORDEROFFER_INDEX` (`OFFER_ID`),
  KEY `CANDIDATE_ORDER_INDEX` (`ORDER_ID`),
  KEY `FK61852289D5F3FAF4` (`OFFER_ID`),
  KEY `FK6185228989FE8A02` (`ORDER_ID`),
  CONSTRAINT `FK6185228989FE8A02` FOREIGN KEY (`ORDER_ID`) REFERENCES `BLC_ORDER` (`ORDER_ID`),
  CONSTRAINT `FK61852289D5F3FAF4` FOREIGN KEY (`OFFER_ID`) REFERENCES `BLC_OFFER` (`OFFER_ID`)
) ENGINE=InnoDB DEFAULT CHARSET=latin1;
/*!40101 SET character_set_client = @saved_cs_client */;

--
-- Dumping data for table `BLC_CANDIDATE_ORDER_OFFER`
--

LOCK TABLES `BLC_CANDIDATE_ORDER_OFFER` WRITE;
/*!40000 ALTER TABLE `BLC_CANDIDATE_ORDER_OFFER` DISABLE KEYS */;
/*!40000 ALTER TABLE `BLC_CANDIDATE_ORDER_OFFER` ENABLE KEYS */;
UNLOCK TABLES;

--
-- Table structure for table `BLC_CATALOG`
--

DROP TABLE IF EXISTS `BLC_CATALOG`;
/*!40101 SET @saved_cs_client     = @@character_set_client */;
/*!40101 SET character_set_client = utf8 */;
CREATE TABLE `BLC_CATALOG` (
  `CATALOG_ID` bigint(20) NOT NULL,
  `NAME` varchar(255) DEFAULT NULL,
  PRIMARY KEY (`CATALOG_ID`)
) ENGINE=InnoDB DEFAULT CHARSET=latin1;
/*!40101 SET character_set_client = @saved_cs_client */;

--
-- Dumping data for table `BLC_CATALOG`
--

LOCK TABLES `BLC_CATALOG` WRITE;
/*!40000 ALTER TABLE `BLC_CATALOG` DISABLE KEYS */;
/*!40000 ALTER TABLE `BLC_CATALOG` ENABLE KEYS */;
UNLOCK TABLES;

--
-- Table structure for table `BLC_CATEGORY`
--

DROP TABLE IF EXISTS `BLC_CATEGORY`;
/*!40101 SET @saved_cs_client     = @@character_set_client */;
/*!40101 SET character_set_client = utf8 */;
CREATE TABLE `BLC_CATEGORY` (
  `CATEGORY_ID` bigint(20) NOT NULL,
  `ACTIVE_END_DATE` datetime DEFAULT NULL,
  `ACTIVE_START_DATE` datetime DEFAULT NULL,
  `ARCHIVED` char(1) DEFAULT NULL,
  `DESCRIPTION` varchar(255) DEFAULT NULL,
  `DISPLAY_TEMPLATE` varchar(255) DEFAULT NULL,
  `FULFILLMENT_TYPE` varchar(255) DEFAULT NULL,
  `INVENTORY_TYPE` varchar(255) DEFAULT NULL,
  `LONG_DESCRIPTION` longtext,
  `NAME` varchar(255) NOT NULL,
  `TAX_CODE` varchar(255) DEFAULT NULL,
  `URL` varchar(255) DEFAULT NULL,
  `URL_KEY` varchar(255) DEFAULT NULL,
  `DEFAULT_PARENT_CATEGORY_ID` bigint(20) DEFAULT NULL,
  PRIMARY KEY (`CATEGORY_ID`),
  KEY `CATEGORY_PARENT_INDEX` (`DEFAULT_PARENT_CATEGORY_ID`),
  KEY `CATEGORY_NAME_INDEX` (`NAME`),
  KEY `CATEGORY_URL_INDEX` (`URL`),
  KEY `CATEGORY_URLKEY_INDEX` (`URL_KEY`),
  KEY `FK55F82D44B177E6` (`DEFAULT_PARENT_CATEGORY_ID`),
  CONSTRAINT `FK55F82D44B177E6` FOREIGN KEY (`DEFAULT_PARENT_CATEGORY_ID`) REFERENCES `BLC_CATEGORY` (`CATEGORY_ID`)
) ENGINE=InnoDB DEFAULT CHARSET=latin1;
/*!40101 SET character_set_client = @saved_cs_client */;

--
-- Dumping data for table `BLC_CATEGORY`
--

LOCK TABLES `BLC_CATEGORY` WRITE;
/*!40000 ALTER TABLE `BLC_CATEGORY` DISABLE KEYS */;
INSERT INTO `BLC_CATEGORY` VALUES (9958,NULL,'2015-06-19 00:00:00','N',NULL,NULL,NULL,'ALWAYS_AVAILABLE','Mobility','Mobility',NULL,NULL,NULL,NULL),(9959,NULL,'2015-06-19 00:00:00','N',NULL,NULL,NULL,'ALWAYS_AVAILABLE','Health Care Devices','Health Care Devices',NULL,NULL,NULL,NULL),(9960,NULL,'2015-06-19 00:00:00','N',NULL,NULL,NULL,'ALWAYS_AVAILABLE','Grooming','Grooming',NULL,NULL,NULL,NULL),(9961,NULL,'2015-06-19 00:00:00','N',NULL,NULL,NULL,'ALWAYS_AVAILABLE','Toilet Aids','Toilet Aids',NULL,NULL,NULL,NULL);
/*!40000 ALTER TABLE `BLC_CATEGORY` ENABLE KEYS */;
UNLOCK TABLES;

--
-- Table structure for table `BLC_CATEGORY_ATTRIBUTE`
--

DROP TABLE IF EXISTS `BLC_CATEGORY_ATTRIBUTE`;
/*!40101 SET @saved_cs_client     = @@character_set_client */;
/*!40101 SET character_set_client = utf8 */;
CREATE TABLE `BLC_CATEGORY_ATTRIBUTE` (
  `CATEGORY_ATTRIBUTE_ID` bigint(20) NOT NULL,
  `NAME` varchar(255) NOT NULL,
  `SEARCHABLE` tinyint(1) DEFAULT NULL,
  `VALUE` varchar(255) DEFAULT NULL,
  `CATEGORY_ID` bigint(20) NOT NULL,
  PRIMARY KEY (`CATEGORY_ATTRIBUTE_ID`),
  KEY `CATEGORYATTRIBUTE_INDEX` (`CATEGORY_ID`),
  KEY `CATEGORYATTRIBUTE_NAME_INDEX` (`NAME`),
  KEY `FK4E441D4115D1A13D` (`CATEGORY_ID`),
  CONSTRAINT `FK4E441D4115D1A13D` FOREIGN KEY (`CATEGORY_ID`) REFERENCES `BLC_CATEGORY` (`CATEGORY_ID`)
) ENGINE=InnoDB DEFAULT CHARSET=latin1;
/*!40101 SET character_set_client = @saved_cs_client */;

--
-- Dumping data for table `BLC_CATEGORY_ATTRIBUTE`
--

LOCK TABLES `BLC_CATEGORY_ATTRIBUTE` WRITE;
/*!40000 ALTER TABLE `BLC_CATEGORY_ATTRIBUTE` DISABLE KEYS */;
/*!40000 ALTER TABLE `BLC_CATEGORY_ATTRIBUTE` ENABLE KEYS */;
UNLOCK TABLES;

--
-- Table structure for table `BLC_CATEGORY_IMAGE`
--

DROP TABLE IF EXISTS `BLC_CATEGORY_IMAGE`;
/*!40101 SET @saved_cs_client     = @@character_set_client */;
/*!40101 SET character_set_client = utf8 */;
CREATE TABLE `BLC_CATEGORY_IMAGE` (
  `CATEGORY_ID` bigint(20) NOT NULL,
  `URL` varchar(255) DEFAULT NULL,
  `NAME` varchar(255) NOT NULL,
  PRIMARY KEY (`CATEGORY_ID`,`NAME`),
  KEY `FK27CF3E8015D1A13D` (`CATEGORY_ID`),
  CONSTRAINT `FK27CF3E8015D1A13D` FOREIGN KEY (`CATEGORY_ID`) REFERENCES `BLC_CATEGORY` (`CATEGORY_ID`)
) ENGINE=InnoDB DEFAULT CHARSET=latin1;
/*!40101 SET character_set_client = @saved_cs_client */;

--
-- Dumping data for table `BLC_CATEGORY_IMAGE`
--

LOCK TABLES `BLC_CATEGORY_IMAGE` WRITE;
/*!40000 ALTER TABLE `BLC_CATEGORY_IMAGE` DISABLE KEYS */;
/*!40000 ALTER TABLE `BLC_CATEGORY_IMAGE` ENABLE KEYS */;
UNLOCK TABLES;

--
-- Table structure for table `BLC_CATEGORY_MEDIA_MAP`
--

DROP TABLE IF EXISTS `BLC_CATEGORY_MEDIA_MAP`;
/*!40101 SET @saved_cs_client     = @@character_set_client */;
/*!40101 SET character_set_client = utf8 */;
CREATE TABLE `BLC_CATEGORY_MEDIA_MAP` (
  `BLC_CATEGORY_CATEGORY_ID` bigint(20) NOT NULL,
  `MEDIA_ID` bigint(20) NOT NULL,
  `MAP_KEY` varchar(255) NOT NULL,
  PRIMARY KEY (`BLC_CATEGORY_CATEGORY_ID`,`MAP_KEY`),
  KEY `FKCD24B1066E4720E0` (`MEDIA_ID`),
  KEY `FKCD24B106D786CEA2` (`BLC_CATEGORY_CATEGORY_ID`),
  CONSTRAINT `FKCD24B106D786CEA2` FOREIGN KEY (`BLC_CATEGORY_CATEGORY_ID`) REFERENCES `BLC_CATEGORY` (`CATEGORY_ID`),
  CONSTRAINT `FKCD24B1066E4720E0` FOREIGN KEY (`MEDIA_ID`) REFERENCES `BLC_MEDIA` (`MEDIA_ID`)
) ENGINE=InnoDB DEFAULT CHARSET=latin1;
/*!40101 SET character_set_client = @saved_cs_client */;

--
-- Dumping data for table `BLC_CATEGORY_MEDIA_MAP`
--

LOCK TABLES `BLC_CATEGORY_MEDIA_MAP` WRITE;
/*!40000 ALTER TABLE `BLC_CATEGORY_MEDIA_MAP` DISABLE KEYS */;
/*!40000 ALTER TABLE `BLC_CATEGORY_MEDIA_MAP` ENABLE KEYS */;
UNLOCK TABLES;

--
-- Table structure for table `BLC_CATEGORY_PRODUCT_XREF`
--

DROP TABLE IF EXISTS `BLC_CATEGORY_PRODUCT_XREF`;
/*!40101 SET @saved_cs_client     = @@character_set_client */;
/*!40101 SET character_set_client = utf8 */;
CREATE TABLE `BLC_CATEGORY_PRODUCT_XREF` (
  `CATEGORY_PRODUCT_ID` bigint(20) NOT NULL,
  `DISPLAY_ORDER` decimal(10,6) DEFAULT NULL,
  `CATEGORY_ID` bigint(20) NOT NULL,
  `PRODUCT_ID` bigint(20) NOT NULL,
  PRIMARY KEY (`CATEGORY_PRODUCT_ID`),
  KEY `FK635EB1A615D1A13D` (`CATEGORY_ID`),
  KEY `FK635EB1A65F11A0B7` (`PRODUCT_ID`),
  CONSTRAINT `FK635EB1A65F11A0B7` FOREIGN KEY (`PRODUCT_ID`) REFERENCES `BLC_PRODUCT` (`PRODUCT_ID`),
  CONSTRAINT `FK635EB1A615D1A13D` FOREIGN KEY (`CATEGORY_ID`) REFERENCES `BLC_CATEGORY` (`CATEGORY_ID`)
) ENGINE=InnoDB DEFAULT CHARSET=latin1;
/*!40101 SET character_set_client = @saved_cs_client */;

--
-- Dumping data for table `BLC_CATEGORY_PRODUCT_XREF`
--

LOCK TABLES `BLC_CATEGORY_PRODUCT_XREF` WRITE;
/*!40000 ALTER TABLE `BLC_CATEGORY_PRODUCT_XREF` DISABLE KEYS */;
INSERT INTO `BLC_CATEGORY_PRODUCT_XREF` VALUES (954,NULL,9958,9954),(955,NULL,9961,9955),(956,NULL,9959,9956),(957,NULL,9960,9957);
/*!40000 ALTER TABLE `BLC_CATEGORY_PRODUCT_XREF` ENABLE KEYS */;
UNLOCK TABLES;

--
-- Table structure for table `BLC_CATEGORY_XREF`
--

DROP TABLE IF EXISTS `BLC_CATEGORY_XREF`;
/*!40101 SET @saved_cs_client     = @@character_set_client */;
/*!40101 SET character_set_client = utf8 */;
CREATE TABLE `BLC_CATEGORY_XREF` (
  `CATEGORY_XREF_ID` bigint(20) NOT NULL,
  `DISPLAY_ORDER` decimal(10,6) DEFAULT NULL,
  `CATEGORY_ID` bigint(20) NOT NULL,
  `SUB_CATEGORY_ID` bigint(20) NOT NULL,
  PRIMARY KEY (`CATEGORY_XREF_ID`),
  KEY `FKE889733615D1A13D` (`CATEGORY_ID`),
  KEY `FKE8897336D6D45DBE` (`SUB_CATEGORY_ID`),
  CONSTRAINT `FKE8897336D6D45DBE` FOREIGN KEY (`SUB_CATEGORY_ID`) REFERENCES `BLC_CATEGORY` (`CATEGORY_ID`),
  CONSTRAINT `FKE889733615D1A13D` FOREIGN KEY (`CATEGORY_ID`) REFERENCES `BLC_CATEGORY` (`CATEGORY_ID`)
) ENGINE=InnoDB DEFAULT CHARSET=latin1;
/*!40101 SET character_set_client = @saved_cs_client */;

--
-- Dumping data for table `BLC_CATEGORY_XREF`
--

LOCK TABLES `BLC_CATEGORY_XREF` WRITE;
/*!40000 ALTER TABLE `BLC_CATEGORY_XREF` DISABLE KEYS */;
/*!40000 ALTER TABLE `BLC_CATEGORY_XREF` ENABLE KEYS */;
UNLOCK TABLES;

--
-- Table structure for table `BLC_CAT_SEARCH_FACET_EXCL_XREF`
--

DROP TABLE IF EXISTS `BLC_CAT_SEARCH_FACET_EXCL_XREF`;
/*!40101 SET @saved_cs_client     = @@character_set_client */;
/*!40101 SET character_set_client = utf8 */;
CREATE TABLE `BLC_CAT_SEARCH_FACET_EXCL_XREF` (
  `CAT_EXCL_SEARCH_FACET_ID` bigint(20) NOT NULL,
  `CATEGORY_ID` bigint(20) DEFAULT NULL,
  `SEARCH_FACET_ID` bigint(20) DEFAULT NULL,
  PRIMARY KEY (`CAT_EXCL_SEARCH_FACET_ID`),
  KEY `FK8361EF4E15D1A13D` (`CATEGORY_ID`),
  KEY `FK8361EF4EB96B1C93` (`SEARCH_FACET_ID`),
  CONSTRAINT `FK8361EF4EB96B1C93` FOREIGN KEY (`SEARCH_FACET_ID`) REFERENCES `BLC_SEARCH_FACET` (`SEARCH_FACET_ID`),
  CONSTRAINT `FK8361EF4E15D1A13D` FOREIGN KEY (`CATEGORY_ID`) REFERENCES `BLC_CATEGORY` (`CATEGORY_ID`)
) ENGINE=InnoDB DEFAULT CHARSET=latin1;
/*!40101 SET character_set_client = @saved_cs_client */;

--
-- Dumping data for table `BLC_CAT_SEARCH_FACET_EXCL_XREF`
--

LOCK TABLES `BLC_CAT_SEARCH_FACET_EXCL_XREF` WRITE;
/*!40000 ALTER TABLE `BLC_CAT_SEARCH_FACET_EXCL_XREF` DISABLE KEYS */;
/*!40000 ALTER TABLE `BLC_CAT_SEARCH_FACET_EXCL_XREF` ENABLE KEYS */;
UNLOCK TABLES;

--
-- Table structure for table `BLC_CAT_SEARCH_FACET_XREF`
--

DROP TABLE IF EXISTS `BLC_CAT_SEARCH_FACET_XREF`;
/*!40101 SET @saved_cs_client     = @@character_set_client */;
/*!40101 SET character_set_client = utf8 */;
CREATE TABLE `BLC_CAT_SEARCH_FACET_XREF` (
  `CATEGORY_SEARCH_FACET_ID` bigint(20) NOT NULL,
  `SEQUENCE` decimal(19,2) DEFAULT NULL,
  `CATEGORY_ID` bigint(20) DEFAULT NULL,
  `SEARCH_FACET_ID` bigint(20) DEFAULT NULL,
  PRIMARY KEY (`CATEGORY_SEARCH_FACET_ID`),
  KEY `FK32210EEB15D1A13D` (`CATEGORY_ID`),
  KEY `FK32210EEBB96B1C93` (`SEARCH_FACET_ID`),
  CONSTRAINT `FK32210EEBB96B1C93` FOREIGN KEY (`SEARCH_FACET_ID`) REFERENCES `BLC_SEARCH_FACET` (`SEARCH_FACET_ID`),
  CONSTRAINT `FK32210EEB15D1A13D` FOREIGN KEY (`CATEGORY_ID`) REFERENCES `BLC_CATEGORY` (`CATEGORY_ID`)
) ENGINE=InnoDB DEFAULT CHARSET=latin1;
/*!40101 SET character_set_client = @saved_cs_client */;

--
-- Dumping data for table `BLC_CAT_SEARCH_FACET_XREF`
--

LOCK TABLES `BLC_CAT_SEARCH_FACET_XREF` WRITE;
/*!40000 ALTER TABLE `BLC_CAT_SEARCH_FACET_XREF` DISABLE KEYS */;
/*!40000 ALTER TABLE `BLC_CAT_SEARCH_FACET_XREF` ENABLE KEYS */;
UNLOCK TABLES;

--
-- Table structure for table `BLC_CAT_SITE_MAP_GEN_CFG`
--

DROP TABLE IF EXISTS `BLC_CAT_SITE_MAP_GEN_CFG`;
/*!40101 SET @saved_cs_client     = @@character_set_client */;
/*!40101 SET character_set_client = utf8 */;
CREATE TABLE `BLC_CAT_SITE_MAP_GEN_CFG` (
  `ENDING_DEPTH` int(11) NOT NULL,
  `STARTING_DEPTH` int(11) NOT NULL,
  `GEN_CONFIG_ID` bigint(20) NOT NULL,
  `ROOT_CATEGORY_ID` bigint(20) NOT NULL,
  PRIMARY KEY (`GEN_CONFIG_ID`),
  KEY `FK1BA4E695C5F3D60` (`ROOT_CATEGORY_ID`),
  KEY `FK1BA4E69BCAB9F56` (`GEN_CONFIG_ID`),
  CONSTRAINT `FK1BA4E69BCAB9F56` FOREIGN KEY (`GEN_CONFIG_ID`) REFERENCES `BLC_SITE_MAP_GEN_CFG` (`GEN_CONFIG_ID`),
  CONSTRAINT `FK1BA4E695C5F3D60` FOREIGN KEY (`ROOT_CATEGORY_ID`) REFERENCES `BLC_CATEGORY` (`CATEGORY_ID`)
) ENGINE=InnoDB DEFAULT CHARSET=latin1;
/*!40101 SET character_set_client = @saved_cs_client */;

--
-- Dumping data for table `BLC_CAT_SITE_MAP_GEN_CFG`
--

LOCK TABLES `BLC_CAT_SITE_MAP_GEN_CFG` WRITE;
/*!40000 ALTER TABLE `BLC_CAT_SITE_MAP_GEN_CFG` DISABLE KEYS */;
/*!40000 ALTER TABLE `BLC_CAT_SITE_MAP_GEN_CFG` ENABLE KEYS */;
UNLOCK TABLES;

--
-- Table structure for table `BLC_CHALLENGE_QUESTION`
--

DROP TABLE IF EXISTS `BLC_CHALLENGE_QUESTION`;
/*!40101 SET @saved_cs_client     = @@character_set_client */;
/*!40101 SET character_set_client = utf8 */;
CREATE TABLE `BLC_CHALLENGE_QUESTION` (
  `QUESTION_ID` bigint(20) NOT NULL,
  `QUESTION` varchar(255) NOT NULL,
  PRIMARY KEY (`QUESTION_ID`)
) ENGINE=InnoDB DEFAULT CHARSET=latin1;
/*!40101 SET character_set_client = @saved_cs_client */;

--
-- Dumping data for table `BLC_CHALLENGE_QUESTION`
--

LOCK TABLES `BLC_CHALLENGE_QUESTION` WRITE;
/*!40000 ALTER TABLE `BLC_CHALLENGE_QUESTION` DISABLE KEYS */;
INSERT INTO `BLC_CHALLENGE_QUESTION` VALUES (1,'What is your favorite sports team?'),(2,'What was your high school name?'),(3,'What was your childhood nickname?'),(4,'What street did you live on in third grade?'),(5,'What is your oldest sibling\'s middle name?'),(6,'What school did you attend for sixth grade?'),(7,'Where does your nearest sibling live?'),(8,'What is your youngest brother\'s birthday?'),(9,'In what city or town was your first job?');
/*!40000 ALTER TABLE `BLC_CHALLENGE_QUESTION` ENABLE KEYS */;
UNLOCK TABLES;

--
-- Table structure for table `BLC_CODE_TYPES`
--

DROP TABLE IF EXISTS `BLC_CODE_TYPES`;
/*!40101 SET @saved_cs_client     = @@character_set_client */;
/*!40101 SET character_set_client = utf8 */;
CREATE TABLE `BLC_CODE_TYPES` (
  `CODE_ID` bigint(20) NOT NULL,
  `CODE_TYPE` varchar(255) NOT NULL,
  `CODE_DESC` varchar(255) DEFAULT NULL,
  `CODE_KEY` varchar(255) NOT NULL,
  `MODIFIABLE` char(1) DEFAULT NULL,
  PRIMARY KEY (`CODE_ID`)
) ENGINE=InnoDB DEFAULT CHARSET=latin1;
/*!40101 SET character_set_client = @saved_cs_client */;

--
-- Dumping data for table `BLC_CODE_TYPES`
--

LOCK TABLES `BLC_CODE_TYPES` WRITE;
/*!40000 ALTER TABLE `BLC_CODE_TYPES` DISABLE KEYS */;
/*!40000 ALTER TABLE `BLC_CODE_TYPES` ENABLE KEYS */;
UNLOCK TABLES;

--
-- Table structure for table `BLC_COUNTRY`
--

DROP TABLE IF EXISTS `BLC_COUNTRY`;
/*!40101 SET @saved_cs_client     = @@character_set_client */;
/*!40101 SET character_set_client = utf8 */;
CREATE TABLE `BLC_COUNTRY` (
  `ABBREVIATION` varchar(255) NOT NULL,
  `NAME` varchar(255) NOT NULL,
  PRIMARY KEY (`ABBREVIATION`)
) ENGINE=InnoDB DEFAULT CHARSET=latin1;
/*!40101 SET character_set_client = @saved_cs_client */;

--
-- Dumping data for table `BLC_COUNTRY`
--

LOCK TABLES `BLC_COUNTRY` WRITE;
/*!40000 ALTER TABLE `BLC_COUNTRY` DISABLE KEYS */;
INSERT INTO `BLC_COUNTRY` VALUES ('CA','Canada'),('MX','Mexico'),('US','United States');
/*!40000 ALTER TABLE `BLC_COUNTRY` ENABLE KEYS */;
UNLOCK TABLES;

--
-- Table structure for table `BLC_CREDIT_CARD_PAYMENT`
--

DROP TABLE IF EXISTS `BLC_CREDIT_CARD_PAYMENT`;
/*!40101 SET @saved_cs_client     = @@character_set_client */;
/*!40101 SET character_set_client = utf8 */;
CREATE TABLE `BLC_CREDIT_CARD_PAYMENT` (
  `PAYMENT_ID` bigint(20) NOT NULL,
  `EXPIRATION_MONTH` int(11) NOT NULL,
  `EXPIRATION_YEAR` int(11) NOT NULL,
  `NAME_ON_CARD` varchar(255) NOT NULL,
  `PAN` varchar(255) NOT NULL,
  `REFERENCE_NUMBER` varchar(255) NOT NULL,
  PRIMARY KEY (`PAYMENT_ID`),
  KEY `CREDITCARD_INDEX` (`REFERENCE_NUMBER`)
) ENGINE=InnoDB DEFAULT CHARSET=latin1;
/*!40101 SET character_set_client = @saved_cs_client */;

--
-- Dumping data for table `BLC_CREDIT_CARD_PAYMENT`
--

LOCK TABLES `BLC_CREDIT_CARD_PAYMENT` WRITE;
/*!40000 ALTER TABLE `BLC_CREDIT_CARD_PAYMENT` DISABLE KEYS */;
/*!40000 ALTER TABLE `BLC_CREDIT_CARD_PAYMENT` ENABLE KEYS */;
UNLOCK TABLES;

--
-- Table structure for table `BLC_CURRENCY`
--

DROP TABLE IF EXISTS `BLC_CURRENCY`;
/*!40101 SET @saved_cs_client     = @@character_set_client */;
/*!40101 SET character_set_client = utf8 */;
CREATE TABLE `BLC_CURRENCY` (
  `CURRENCY_CODE` varchar(255) NOT NULL,
  `DEFAULT_FLAG` tinyint(1) DEFAULT NULL,
  `FRIENDLY_NAME` varchar(255) DEFAULT NULL,
  PRIMARY KEY (`CURRENCY_CODE`)
) ENGINE=InnoDB DEFAULT CHARSET=latin1;
/*!40101 SET character_set_client = @saved_cs_client */;

--
-- Dumping data for table `BLC_CURRENCY`
--

LOCK TABLES `BLC_CURRENCY` WRITE;
/*!40000 ALTER TABLE `BLC_CURRENCY` DISABLE KEYS */;
INSERT INTO `BLC_CURRENCY` VALUES ('EUR',0,'EURO Dollar'),('GBP',0,'GB Pound'),('INR',1,'Indian Rupee'),('MXN',0,'Mexican Peso'),('USD',0,'US Dollar');
/*!40000 ALTER TABLE `BLC_CURRENCY` ENABLE KEYS */;
UNLOCK TABLES;

--
-- Table structure for table `BLC_CUSTOMER`
--

DROP TABLE IF EXISTS `BLC_CUSTOMER`;
/*!40101 SET @saved_cs_client     = @@character_set_client */;
/*!40101 SET character_set_client = utf8 */;
CREATE TABLE `BLC_CUSTOMER` (
  `CUSTOMER_ID` bigint(20) NOT NULL,
  `CREATED_BY` bigint(20) DEFAULT NULL,
  `DATE_CREATED` datetime DEFAULT NULL,
  `DATE_UPDATED` datetime DEFAULT NULL,
  `UPDATED_BY` bigint(20) DEFAULT NULL,
  `CHALLENGE_ANSWER` varchar(255) DEFAULT NULL,
  `DEACTIVATED` tinyint(1) DEFAULT NULL,
  `EMAIL_ADDRESS` varchar(255) DEFAULT NULL,
  `FIRST_NAME` varchar(255) DEFAULT NULL,
  `LAST_NAME` varchar(255) DEFAULT NULL,
  `PASSWORD` varchar(255) DEFAULT NULL,
  `PASSWORD_CHANGE_REQUIRED` tinyint(1) DEFAULT NULL,
  `IS_PREVIEW` tinyint(1) DEFAULT NULL,
  `RECEIVE_EMAIL` tinyint(1) DEFAULT NULL,
  `IS_REGISTERED` tinyint(1) DEFAULT NULL,
  `TAX_EXEMPTION_CODE` varchar(255) DEFAULT NULL,
  `USER_NAME` varchar(255) DEFAULT NULL,
  `CHALLENGE_QUESTION_ID` bigint(20) DEFAULT NULL,
  `LOCALE_CODE` varchar(255) DEFAULT NULL,
  PRIMARY KEY (`CUSTOMER_ID`),
  KEY `CUSTOMER_CHALLENGE_INDEX` (`CHALLENGE_QUESTION_ID`),
  KEY `CUSTOMER_EMAIL_INDEX` (`EMAIL_ADDRESS`),
  KEY `FK7716F0241422B204` (`CHALLENGE_QUESTION_ID`),
  KEY `FK7716F024A1E1C128` (`LOCALE_CODE`),
  CONSTRAINT `FK7716F024A1E1C128` FOREIGN KEY (`LOCALE_CODE`) REFERENCES `BLC_LOCALE` (`LOCALE_CODE`),
  CONSTRAINT `FK7716F0241422B204` FOREIGN KEY (`CHALLENGE_QUESTION_ID`) REFERENCES `BLC_CHALLENGE_QUESTION` (`QUESTION_ID`)
) ENGINE=InnoDB DEFAULT CHARSET=latin1;
/*!40101 SET character_set_client = @saved_cs_client */;

--
-- Dumping data for table `BLC_CUSTOMER`
--

LOCK TABLES `BLC_CUSTOMER` WRITE;
/*!40000 ALTER TABLE `BLC_CUSTOMER` DISABLE KEYS */;
INSERT INTO `BLC_CUSTOMER` VALUES (100,0,'2015-06-19 17:06:16',NULL,NULL,NULL,0,NULL,NULL,NULL,NULL,0,NULL,1,0,NULL,'100',NULL,NULL);
/*!40000 ALTER TABLE `BLC_CUSTOMER` ENABLE KEYS */;
UNLOCK TABLES;

--
-- Table structure for table `BLC_CUSTOMER_ADDRESS`
--

DROP TABLE IF EXISTS `BLC_CUSTOMER_ADDRESS`;
/*!40101 SET @saved_cs_client     = @@character_set_client */;
/*!40101 SET character_set_client = utf8 */;
CREATE TABLE `BLC_CUSTOMER_ADDRESS` (
  `CUSTOMER_ADDRESS_ID` bigint(20) NOT NULL,
  `ADDRESS_NAME` varchar(255) DEFAULT NULL,
  `ADDRESS_ID` bigint(20) NOT NULL,
  `CUSTOMER_ID` bigint(20) NOT NULL,
  PRIMARY KEY (`CUSTOMER_ADDRESS_ID`),
  UNIQUE KEY `CSTMR_ADDR_UNIQUE_CNSTRNT` (`CUSTOMER_ID`,`ADDRESS_NAME`),
  KEY `CUSTOMERADDRESS_ADDRESS_INDEX` (`ADDRESS_ID`),
  KEY `FK75B95AB9C13085DD` (`ADDRESS_ID`),
  KEY `FK75B95AB97470F437` (`CUSTOMER_ID`),
  CONSTRAINT `FK75B95AB97470F437` FOREIGN KEY (`CUSTOMER_ID`) REFERENCES `BLC_CUSTOMER` (`CUSTOMER_ID`),
  CONSTRAINT `FK75B95AB9C13085DD` FOREIGN KEY (`ADDRESS_ID`) REFERENCES `BLC_ADDRESS` (`ADDRESS_ID`)
) ENGINE=InnoDB DEFAULT CHARSET=latin1;
/*!40101 SET character_set_client = @saved_cs_client */;

--
-- Dumping data for table `BLC_CUSTOMER_ADDRESS`
--

LOCK TABLES `BLC_CUSTOMER_ADDRESS` WRITE;
/*!40000 ALTER TABLE `BLC_CUSTOMER_ADDRESS` DISABLE KEYS */;
/*!40000 ALTER TABLE `BLC_CUSTOMER_ADDRESS` ENABLE KEYS */;
UNLOCK TABLES;

--
-- Table structure for table `BLC_CUSTOMER_ATTRIBUTE`
--

DROP TABLE IF EXISTS `BLC_CUSTOMER_ATTRIBUTE`;
/*!40101 SET @saved_cs_client     = @@character_set_client */;
/*!40101 SET character_set_client = utf8 */;
CREATE TABLE `BLC_CUSTOMER_ATTRIBUTE` (
  `CUSTOMER_ATTR_ID` bigint(20) NOT NULL,
  `NAME` varchar(255) NOT NULL,
  `VALUE` varchar(255) DEFAULT NULL,
  `CUSTOMER_ID` bigint(20) NOT NULL,
  PRIMARY KEY (`CUSTOMER_ATTR_ID`),
  KEY `FKB974C8217470F437` (`CUSTOMER_ID`),
  CONSTRAINT `FKB974C8217470F437` FOREIGN KEY (`CUSTOMER_ID`) REFERENCES `BLC_CUSTOMER` (`CUSTOMER_ID`)
) ENGINE=InnoDB DEFAULT CHARSET=latin1;
/*!40101 SET character_set_client = @saved_cs_client */;

--
-- Dumping data for table `BLC_CUSTOMER_ATTRIBUTE`
--

LOCK TABLES `BLC_CUSTOMER_ATTRIBUTE` WRITE;
/*!40000 ALTER TABLE `BLC_CUSTOMER_ATTRIBUTE` DISABLE KEYS */;
/*!40000 ALTER TABLE `BLC_CUSTOMER_ATTRIBUTE` ENABLE KEYS */;
UNLOCK TABLES;

--
-- Table structure for table `BLC_CUSTOMER_OFFER_XREF`
--

DROP TABLE IF EXISTS `BLC_CUSTOMER_OFFER_XREF`;
/*!40101 SET @saved_cs_client     = @@character_set_client */;
/*!40101 SET character_set_client = utf8 */;
CREATE TABLE `BLC_CUSTOMER_OFFER_XREF` (
  `CUSTOMER_OFFER_ID` bigint(20) NOT NULL,
  `CUSTOMER_ID` bigint(20) NOT NULL,
  `OFFER_ID` bigint(20) NOT NULL,
  PRIMARY KEY (`CUSTOMER_OFFER_ID`),
  KEY `CUSTOFFER_CUSTOMER_INDEX` (`CUSTOMER_ID`),
  KEY `CUSTOFFER_OFFER_INDEX` (`OFFER_ID`),
  KEY `FK685E80397470F437` (`CUSTOMER_ID`),
  KEY `FK685E8039D5F3FAF4` (`OFFER_ID`),
  CONSTRAINT `FK685E8039D5F3FAF4` FOREIGN KEY (`OFFER_ID`) REFERENCES `BLC_OFFER` (`OFFER_ID`),
  CONSTRAINT `FK685E80397470F437` FOREIGN KEY (`CUSTOMER_ID`) REFERENCES `BLC_CUSTOMER` (`CUSTOMER_ID`)
) ENGINE=InnoDB DEFAULT CHARSET=latin1;
/*!40101 SET character_set_client = @saved_cs_client */;

--
-- Dumping data for table `BLC_CUSTOMER_OFFER_XREF`
--

LOCK TABLES `BLC_CUSTOMER_OFFER_XREF` WRITE;
/*!40000 ALTER TABLE `BLC_CUSTOMER_OFFER_XREF` DISABLE KEYS */;
/*!40000 ALTER TABLE `BLC_CUSTOMER_OFFER_XREF` ENABLE KEYS */;
UNLOCK TABLES;

--
-- Table structure for table `BLC_CUSTOMER_PASSWORD_TOKEN`
--

DROP TABLE IF EXISTS `BLC_CUSTOMER_PASSWORD_TOKEN`;
/*!40101 SET @saved_cs_client     = @@character_set_client */;
/*!40101 SET character_set_client = utf8 */;
CREATE TABLE `BLC_CUSTOMER_PASSWORD_TOKEN` (
  `PASSWORD_TOKEN` varchar(255) NOT NULL,
  `CREATE_DATE` datetime NOT NULL,
  `CUSTOMER_ID` bigint(20) NOT NULL,
  `TOKEN_USED_DATE` datetime DEFAULT NULL,
  `TOKEN_USED_FLAG` tinyint(1) NOT NULL,
  PRIMARY KEY (`PASSWORD_TOKEN`)
) ENGINE=InnoDB DEFAULT CHARSET=latin1;
/*!40101 SET character_set_client = @saved_cs_client */;

--
-- Dumping data for table `BLC_CUSTOMER_PASSWORD_TOKEN`
--

LOCK TABLES `BLC_CUSTOMER_PASSWORD_TOKEN` WRITE;
/*!40000 ALTER TABLE `BLC_CUSTOMER_PASSWORD_TOKEN` DISABLE KEYS */;
/*!40000 ALTER TABLE `BLC_CUSTOMER_PASSWORD_TOKEN` ENABLE KEYS */;
UNLOCK TABLES;

--
-- Table structure for table `BLC_CUSTOMER_PAYMENT`
--

DROP TABLE IF EXISTS `BLC_CUSTOMER_PAYMENT`;
/*!40101 SET @saved_cs_client     = @@character_set_client */;
/*!40101 SET character_set_client = utf8 */;
CREATE TABLE `BLC_CUSTOMER_PAYMENT` (
  `CUSTOMER_PAYMENT_ID` bigint(20) NOT NULL,
  `IS_DEFAULT` tinyint(1) DEFAULT NULL,
  `PAYMENT_TOKEN` varchar(255) DEFAULT NULL,
  `ADDRESS_ID` bigint(20) NOT NULL,
  `CUSTOMER_ID` bigint(20) NOT NULL,
  PRIMARY KEY (`CUSTOMER_PAYMENT_ID`),
  UNIQUE KEY `CSTMR_PAY_UNIQUE_CNSTRNT` (`CUSTOMER_ID`,`PAYMENT_TOKEN`),
  KEY `FK8B3DF0CBC13085DD` (`ADDRESS_ID`),
  KEY `FK8B3DF0CB7470F437` (`CUSTOMER_ID`),
  CONSTRAINT `FK8B3DF0CB7470F437` FOREIGN KEY (`CUSTOMER_ID`) REFERENCES `BLC_CUSTOMER` (`CUSTOMER_ID`),
  CONSTRAINT `FK8B3DF0CBC13085DD` FOREIGN KEY (`ADDRESS_ID`) REFERENCES `BLC_ADDRESS` (`ADDRESS_ID`)
) ENGINE=InnoDB DEFAULT CHARSET=latin1;
/*!40101 SET character_set_client = @saved_cs_client */;

--
-- Dumping data for table `BLC_CUSTOMER_PAYMENT`
--

LOCK TABLES `BLC_CUSTOMER_PAYMENT` WRITE;
/*!40000 ALTER TABLE `BLC_CUSTOMER_PAYMENT` DISABLE KEYS */;
/*!40000 ALTER TABLE `BLC_CUSTOMER_PAYMENT` ENABLE KEYS */;
UNLOCK TABLES;

--
-- Table structure for table `BLC_CUSTOMER_PAYMENT_FIELDS`
--

DROP TABLE IF EXISTS `BLC_CUSTOMER_PAYMENT_FIELDS`;
/*!40101 SET @saved_cs_client     = @@character_set_client */;
/*!40101 SET character_set_client = utf8 */;
CREATE TABLE `BLC_CUSTOMER_PAYMENT_FIELDS` (
  `CUSTOMER_PAYMENT_ID` bigint(20) NOT NULL,
  `FIELD_VALUE` varchar(255) DEFAULT NULL,
  `FIELD_NAME` varchar(255) NOT NULL,
  PRIMARY KEY (`CUSTOMER_PAYMENT_ID`,`FIELD_NAME`),
  KEY `FK5CCB14ADCA0B98E0` (`CUSTOMER_PAYMENT_ID`),
  CONSTRAINT `FK5CCB14ADCA0B98E0` FOREIGN KEY (`CUSTOMER_PAYMENT_ID`) REFERENCES `BLC_CUSTOMER_PAYMENT` (`CUSTOMER_PAYMENT_ID`)
) ENGINE=InnoDB DEFAULT CHARSET=latin1;
/*!40101 SET character_set_client = @saved_cs_client */;

--
-- Dumping data for table `BLC_CUSTOMER_PAYMENT_FIELDS`
--

LOCK TABLES `BLC_CUSTOMER_PAYMENT_FIELDS` WRITE;
/*!40000 ALTER TABLE `BLC_CUSTOMER_PAYMENT_FIELDS` DISABLE KEYS */;
/*!40000 ALTER TABLE `BLC_CUSTOMER_PAYMENT_FIELDS` ENABLE KEYS */;
UNLOCK TABLES;

--
-- Table structure for table `BLC_CUSTOMER_PHONE`
--

DROP TABLE IF EXISTS `BLC_CUSTOMER_PHONE`;
/*!40101 SET @saved_cs_client     = @@character_set_client */;
/*!40101 SET character_set_client = utf8 */;
CREATE TABLE `BLC_CUSTOMER_PHONE` (
  `CUSTOMER_PHONE_ID` bigint(20) NOT NULL,
  `PHONE_NAME` varchar(255) DEFAULT NULL,
  `CUSTOMER_ID` bigint(20) NOT NULL,
  `PHONE_ID` bigint(20) NOT NULL,
  PRIMARY KEY (`CUSTOMER_PHONE_ID`),
  UNIQUE KEY `CSTMR_PHONE_UNIQUE_CNSTRNT` (`CUSTOMER_ID`,`PHONE_NAME`),
  KEY `CUSTPHONE_PHONE_INDEX` (`PHONE_ID`),
  KEY `FK3D28ED737470F437` (`CUSTOMER_ID`),
  KEY `FK3D28ED73D894CB5D` (`PHONE_ID`),
  CONSTRAINT `FK3D28ED73D894CB5D` FOREIGN KEY (`PHONE_ID`) REFERENCES `BLC_PHONE` (`PHONE_ID`),
  CONSTRAINT `FK3D28ED737470F437` FOREIGN KEY (`CUSTOMER_ID`) REFERENCES `BLC_CUSTOMER` (`CUSTOMER_ID`)
) ENGINE=InnoDB DEFAULT CHARSET=latin1;
/*!40101 SET character_set_client = @saved_cs_client */;

--
-- Dumping data for table `BLC_CUSTOMER_PHONE`
--

LOCK TABLES `BLC_CUSTOMER_PHONE` WRITE;
/*!40000 ALTER TABLE `BLC_CUSTOMER_PHONE` DISABLE KEYS */;
/*!40000 ALTER TABLE `BLC_CUSTOMER_PHONE` ENABLE KEYS */;
UNLOCK TABLES;

--
-- Table structure for table `BLC_CUSTOMER_ROLE`
--

DROP TABLE IF EXISTS `BLC_CUSTOMER_ROLE`;
/*!40101 SET @saved_cs_client     = @@character_set_client */;
/*!40101 SET character_set_client = utf8 */;
CREATE TABLE `BLC_CUSTOMER_ROLE` (
  `CUSTOMER_ROLE_ID` bigint(20) NOT NULL,
  `CUSTOMER_ID` bigint(20) NOT NULL,
  `ROLE_ID` bigint(20) NOT NULL,
  PRIMARY KEY (`CUSTOMER_ROLE_ID`),
  KEY `CUSTROLE_CUSTOMER_INDEX` (`CUSTOMER_ID`),
  KEY `CUSTROLE_ROLE_INDEX` (`ROLE_ID`),
  KEY `FK548EB7B17470F437` (`CUSTOMER_ID`),
  KEY `FK548EB7B1B8587B7` (`ROLE_ID`),
  CONSTRAINT `FK548EB7B1B8587B7` FOREIGN KEY (`ROLE_ID`) REFERENCES `BLC_ROLE` (`ROLE_ID`),
  CONSTRAINT `FK548EB7B17470F437` FOREIGN KEY (`CUSTOMER_ID`) REFERENCES `BLC_CUSTOMER` (`CUSTOMER_ID`)
) ENGINE=InnoDB DEFAULT CHARSET=latin1;
/*!40101 SET character_set_client = @saved_cs_client */;

--
-- Dumping data for table `BLC_CUSTOMER_ROLE`
--

LOCK TABLES `BLC_CUSTOMER_ROLE` WRITE;
/*!40000 ALTER TABLE `BLC_CUSTOMER_ROLE` DISABLE KEYS */;
/*!40000 ALTER TABLE `BLC_CUSTOMER_ROLE` ENABLE KEYS */;
UNLOCK TABLES;

--
-- Table structure for table `BLC_CUST_SITE_MAP_GEN_CFG`
--

DROP TABLE IF EXISTS `BLC_CUST_SITE_MAP_GEN_CFG`;
/*!40101 SET @saved_cs_client     = @@character_set_client */;
/*!40101 SET character_set_client = utf8 */;
CREATE TABLE `BLC_CUST_SITE_MAP_GEN_CFG` (
  `GEN_CONFIG_ID` bigint(20) NOT NULL,
  PRIMARY KEY (`GEN_CONFIG_ID`),
  KEY `FK67C0DBA0BCAB9F56` (`GEN_CONFIG_ID`),
  CONSTRAINT `FK67C0DBA0BCAB9F56` FOREIGN KEY (`GEN_CONFIG_ID`) REFERENCES `BLC_SITE_MAP_GEN_CFG` (`GEN_CONFIG_ID`)
) ENGINE=InnoDB DEFAULT CHARSET=latin1;
/*!40101 SET character_set_client = @saved_cs_client */;

--
-- Dumping data for table `BLC_CUST_SITE_MAP_GEN_CFG`
--

LOCK TABLES `BLC_CUST_SITE_MAP_GEN_CFG` WRITE;
/*!40000 ALTER TABLE `BLC_CUST_SITE_MAP_GEN_CFG` DISABLE KEYS */;
INSERT INTO `BLC_CUST_SITE_MAP_GEN_CFG` VALUES (-1);
/*!40000 ALTER TABLE `BLC_CUST_SITE_MAP_GEN_CFG` ENABLE KEYS */;
UNLOCK TABLES;

--
-- Table structure for table `BLC_DATA_DRVN_ENUM`
--

DROP TABLE IF EXISTS `BLC_DATA_DRVN_ENUM`;
/*!40101 SET @saved_cs_client     = @@character_set_client */;
/*!40101 SET character_set_client = utf8 */;
CREATE TABLE `BLC_DATA_DRVN_ENUM` (
  `ENUM_ID` bigint(20) NOT NULL,
  `ENUM_KEY` varchar(255) DEFAULT NULL,
  `MODIFIABLE` tinyint(1) DEFAULT NULL,
  PRIMARY KEY (`ENUM_ID`),
  KEY `ENUM_KEY_INDEX` (`ENUM_KEY`)
) ENGINE=InnoDB DEFAULT CHARSET=latin1;
/*!40101 SET character_set_client = @saved_cs_client */;

--
-- Dumping data for table `BLC_DATA_DRVN_ENUM`
--

LOCK TABLES `BLC_DATA_DRVN_ENUM` WRITE;
/*!40000 ALTER TABLE `BLC_DATA_DRVN_ENUM` DISABLE KEYS */;
/*!40000 ALTER TABLE `BLC_DATA_DRVN_ENUM` ENABLE KEYS */;
UNLOCK TABLES;

--
-- Table structure for table `BLC_DATA_DRVN_ENUM_VAL`
--

DROP TABLE IF EXISTS `BLC_DATA_DRVN_ENUM_VAL`;
/*!40101 SET @saved_cs_client     = @@character_set_client */;
/*!40101 SET character_set_client = utf8 */;
CREATE TABLE `BLC_DATA_DRVN_ENUM_VAL` (
  `ENUM_VAL_ID` bigint(20) NOT NULL,
  `DISPLAY` varchar(255) DEFAULT NULL,
  `HIDDEN` tinyint(1) DEFAULT NULL,
  `ENUM_KEY` varchar(255) DEFAULT NULL,
  `ENUM_TYPE` bigint(20) DEFAULT NULL,
  PRIMARY KEY (`ENUM_VAL_ID`),
  KEY `HIDDEN_INDEX` (`HIDDEN`),
  KEY `ENUM_VAL_KEY_INDEX` (`ENUM_KEY`),
  KEY `FKB2D5700DA60E0554` (`ENUM_TYPE`),
  CONSTRAINT `FKB2D5700DA60E0554` FOREIGN KEY (`ENUM_TYPE`) REFERENCES `BLC_DATA_DRVN_ENUM` (`ENUM_ID`)
) ENGINE=InnoDB DEFAULT CHARSET=latin1;
/*!40101 SET character_set_client = @saved_cs_client */;

--
-- Dumping data for table `BLC_DATA_DRVN_ENUM_VAL`
--

LOCK TABLES `BLC_DATA_DRVN_ENUM_VAL` WRITE;
/*!40000 ALTER TABLE `BLC_DATA_DRVN_ENUM_VAL` DISABLE KEYS */;
/*!40000 ALTER TABLE `BLC_DATA_DRVN_ENUM_VAL` ENABLE KEYS */;
UNLOCK TABLES;

--
-- Table structure for table `BLC_DISCRETE_ORDER_ITEM`
--

DROP TABLE IF EXISTS `BLC_DISCRETE_ORDER_ITEM`;
/*!40101 SET @saved_cs_client     = @@character_set_client */;
/*!40101 SET character_set_client = utf8 */;
CREATE TABLE `BLC_DISCRETE_ORDER_ITEM` (
  `BASE_RETAIL_PRICE` decimal(19,5) DEFAULT NULL,
  `BASE_SALE_PRICE` decimal(19,5) DEFAULT NULL,
  `ORDER_ITEM_ID` bigint(20) NOT NULL,
  `BUNDLE_ORDER_ITEM_ID` bigint(20) DEFAULT NULL,
  `PRODUCT_ID` bigint(20) DEFAULT NULL,
  `SKU_ID` bigint(20) NOT NULL,
  `SKU_BUNDLE_ITEM_ID` bigint(20) DEFAULT NULL,
  PRIMARY KEY (`ORDER_ITEM_ID`),
  KEY `DISCRETE_PRODUCT_INDEX` (`PRODUCT_ID`),
  KEY `DISCRETE_SKU_INDEX` (`SKU_ID`),
  KEY `FKBC3A8A845CDFCA80` (`BUNDLE_ORDER_ITEM_ID`),
  KEY `FKBC3A8A845F11A0B7` (`PRODUCT_ID`),
  KEY `FKBC3A8A84B78C9977` (`SKU_ID`),
  KEY `FKBC3A8A841285903B` (`SKU_BUNDLE_ITEM_ID`),
  KEY `FKBC3A8A849AF166DF` (`ORDER_ITEM_ID`),
  CONSTRAINT `FKBC3A8A849AF166DF` FOREIGN KEY (`ORDER_ITEM_ID`) REFERENCES `BLC_ORDER_ITEM` (`ORDER_ITEM_ID`),
  CONSTRAINT `FKBC3A8A841285903B` FOREIGN KEY (`SKU_BUNDLE_ITEM_ID`) REFERENCES `BLC_SKU_BUNDLE_ITEM` (`SKU_BUNDLE_ITEM_ID`),
  CONSTRAINT `FKBC3A8A845CDFCA80` FOREIGN KEY (`BUNDLE_ORDER_ITEM_ID`) REFERENCES `BLC_BUNDLE_ORDER_ITEM` (`ORDER_ITEM_ID`),
  CONSTRAINT `FKBC3A8A845F11A0B7` FOREIGN KEY (`PRODUCT_ID`) REFERENCES `BLC_PRODUCT` (`PRODUCT_ID`),
  CONSTRAINT `FKBC3A8A84B78C9977` FOREIGN KEY (`SKU_ID`) REFERENCES `BLC_SKU` (`SKU_ID`)
) ENGINE=InnoDB DEFAULT CHARSET=latin1;
/*!40101 SET character_set_client = @saved_cs_client */;

--
-- Dumping data for table `BLC_DISCRETE_ORDER_ITEM`
--

LOCK TABLES `BLC_DISCRETE_ORDER_ITEM` WRITE;
/*!40000 ALTER TABLE `BLC_DISCRETE_ORDER_ITEM` DISABLE KEYS */;
INSERT INTO `BLC_DISCRETE_ORDER_ITEM` VALUES (1250.00000,700.00000,1,NULL,9954,9955,NULL);
/*!40000 ALTER TABLE `BLC_DISCRETE_ORDER_ITEM` ENABLE KEYS */;
UNLOCK TABLES;

--
-- Table structure for table `BLC_DISC_ITEM_FEE_PRICE`
--

DROP TABLE IF EXISTS `BLC_DISC_ITEM_FEE_PRICE`;
/*!40101 SET @saved_cs_client     = @@character_set_client */;
/*!40101 SET character_set_client = utf8 */;
CREATE TABLE `BLC_DISC_ITEM_FEE_PRICE` (
  `DISC_ITEM_FEE_PRICE_ID` bigint(20) NOT NULL,
  `AMOUNT` decimal(19,5) DEFAULT NULL,
  `NAME` varchar(255) DEFAULT NULL,
  `REPORTING_CODE` varchar(255) DEFAULT NULL,
  `ORDER_ITEM_ID` bigint(20) NOT NULL,
  PRIMARY KEY (`DISC_ITEM_FEE_PRICE_ID`),
  KEY `FK2A641CC8B76B9466` (`ORDER_ITEM_ID`),
  CONSTRAINT `FK2A641CC8B76B9466` FOREIGN KEY (`ORDER_ITEM_ID`) REFERENCES `BLC_DISCRETE_ORDER_ITEM` (`ORDER_ITEM_ID`)
) ENGINE=InnoDB DEFAULT CHARSET=latin1;
/*!40101 SET character_set_client = @saved_cs_client */;

--
-- Dumping data for table `BLC_DISC_ITEM_FEE_PRICE`
--

LOCK TABLES `BLC_DISC_ITEM_FEE_PRICE` WRITE;
/*!40000 ALTER TABLE `BLC_DISC_ITEM_FEE_PRICE` DISABLE KEYS */;
/*!40000 ALTER TABLE `BLC_DISC_ITEM_FEE_PRICE` ENABLE KEYS */;
UNLOCK TABLES;

--
-- Table structure for table `BLC_DYN_DISCRETE_ORDER_ITEM`
--

DROP TABLE IF EXISTS `BLC_DYN_DISCRETE_ORDER_ITEM`;
/*!40101 SET @saved_cs_client     = @@character_set_client */;
/*!40101 SET character_set_client = utf8 */;
CREATE TABLE `BLC_DYN_DISCRETE_ORDER_ITEM` (
  `ORDER_ITEM_ID` bigint(20) NOT NULL,
  PRIMARY KEY (`ORDER_ITEM_ID`),
  KEY `FK209DEE9EB76B9466` (`ORDER_ITEM_ID`),
  CONSTRAINT `FK209DEE9EB76B9466` FOREIGN KEY (`ORDER_ITEM_ID`) REFERENCES `BLC_DISCRETE_ORDER_ITEM` (`ORDER_ITEM_ID`)
) ENGINE=InnoDB DEFAULT CHARSET=latin1;
/*!40101 SET character_set_client = @saved_cs_client */;

--
-- Dumping data for table `BLC_DYN_DISCRETE_ORDER_ITEM`
--

LOCK TABLES `BLC_DYN_DISCRETE_ORDER_ITEM` WRITE;
/*!40000 ALTER TABLE `BLC_DYN_DISCRETE_ORDER_ITEM` DISABLE KEYS */;
/*!40000 ALTER TABLE `BLC_DYN_DISCRETE_ORDER_ITEM` ENABLE KEYS */;
UNLOCK TABLES;

--
-- Table structure for table `BLC_EMAIL_TRACKING`
--

DROP TABLE IF EXISTS `BLC_EMAIL_TRACKING`;
/*!40101 SET @saved_cs_client     = @@character_set_client */;
/*!40101 SET character_set_client = utf8 */;
CREATE TABLE `BLC_EMAIL_TRACKING` (
  `EMAIL_TRACKING_ID` bigint(20) NOT NULL,
  `DATE_SENT` datetime DEFAULT NULL,
  `EMAIL_ADDRESS` varchar(255) DEFAULT NULL,
  `TYPE` varchar(255) DEFAULT NULL,
  PRIMARY KEY (`EMAIL_TRACKING_ID`),
  KEY `EMAILTRACKING_INDEX` (`EMAIL_ADDRESS`)
) ENGINE=InnoDB DEFAULT CHARSET=latin1;
/*!40101 SET character_set_client = @saved_cs_client */;

--
-- Dumping data for table `BLC_EMAIL_TRACKING`
--

LOCK TABLES `BLC_EMAIL_TRACKING` WRITE;
/*!40000 ALTER TABLE `BLC_EMAIL_TRACKING` DISABLE KEYS */;
/*!40000 ALTER TABLE `BLC_EMAIL_TRACKING` ENABLE KEYS */;
UNLOCK TABLES;

--
-- Table structure for table `BLC_EMAIL_TRACKING_CLICKS`
--

DROP TABLE IF EXISTS `BLC_EMAIL_TRACKING_CLICKS`;
/*!40101 SET @saved_cs_client     = @@character_set_client */;
/*!40101 SET character_set_client = utf8 */;
CREATE TABLE `BLC_EMAIL_TRACKING_CLICKS` (
  `CLICK_ID` bigint(20) NOT NULL,
  `CUSTOMER_ID` varchar(255) DEFAULT NULL,
  `DATE_CLICKED` datetime NOT NULL,
  `DESTINATION_URI` varchar(255) DEFAULT NULL,
  `QUERY_STRING` varchar(255) DEFAULT NULL,
  `EMAIL_TRACKING_ID` bigint(20) NOT NULL,
  PRIMARY KEY (`CLICK_ID`),
  KEY `TRACKINGCLICKS_CUSTOMER_INDEX` (`CUSTOMER_ID`),
  KEY `TRACKINGCLICKS_TRACKING_INDEX` (`EMAIL_TRACKING_ID`),
  KEY `FKFDF9F52AFA1E5D61` (`EMAIL_TRACKING_ID`),
  CONSTRAINT `FKFDF9F52AFA1E5D61` FOREIGN KEY (`EMAIL_TRACKING_ID`) REFERENCES `BLC_EMAIL_TRACKING` (`EMAIL_TRACKING_ID`)
) ENGINE=InnoDB DEFAULT CHARSET=latin1;
/*!40101 SET character_set_client = @saved_cs_client */;

--
-- Dumping data for table `BLC_EMAIL_TRACKING_CLICKS`
--

LOCK TABLES `BLC_EMAIL_TRACKING_CLICKS` WRITE;
/*!40000 ALTER TABLE `BLC_EMAIL_TRACKING_CLICKS` DISABLE KEYS */;
/*!40000 ALTER TABLE `BLC_EMAIL_TRACKING_CLICKS` ENABLE KEYS */;
UNLOCK TABLES;

--
-- Table structure for table `BLC_EMAIL_TRACKING_OPENS`
--

DROP TABLE IF EXISTS `BLC_EMAIL_TRACKING_OPENS`;
/*!40101 SET @saved_cs_client     = @@character_set_client */;
/*!40101 SET character_set_client = utf8 */;
CREATE TABLE `BLC_EMAIL_TRACKING_OPENS` (
  `OPEN_ID` bigint(20) NOT NULL,
  `DATE_OPENED` datetime DEFAULT NULL,
  `USER_AGENT` varchar(255) DEFAULT NULL,
  `EMAIL_TRACKING_ID` bigint(20) DEFAULT NULL,
  PRIMARY KEY (`OPEN_ID`),
  KEY `TRACKINGOPEN_TRACKING` (`EMAIL_TRACKING_ID`),
  KEY `FKA5C3722AFA1E5D61` (`EMAIL_TRACKING_ID`),
  CONSTRAINT `FKA5C3722AFA1E5D61` FOREIGN KEY (`EMAIL_TRACKING_ID`) REFERENCES `BLC_EMAIL_TRACKING` (`EMAIL_TRACKING_ID`)
) ENGINE=InnoDB DEFAULT CHARSET=latin1;
/*!40101 SET character_set_client = @saved_cs_client */;

--
-- Dumping data for table `BLC_EMAIL_TRACKING_OPENS`
--

LOCK TABLES `BLC_EMAIL_TRACKING_OPENS` WRITE;
/*!40000 ALTER TABLE `BLC_EMAIL_TRACKING_OPENS` DISABLE KEYS */;
/*!40000 ALTER TABLE `BLC_EMAIL_TRACKING_OPENS` ENABLE KEYS */;
UNLOCK TABLES;

--
-- Table structure for table `BLC_FG_ADJUSTMENT`
--

DROP TABLE IF EXISTS `BLC_FG_ADJUSTMENT`;
/*!40101 SET @saved_cs_client     = @@character_set_client */;
/*!40101 SET character_set_client = utf8 */;
CREATE TABLE `BLC_FG_ADJUSTMENT` (
  `FG_ADJUSTMENT_ID` bigint(20) NOT NULL,
  `ADJUSTMENT_REASON` varchar(255) NOT NULL,
  `ADJUSTMENT_VALUE` decimal(19,5) NOT NULL,
  `FULFILLMENT_GROUP_ID` bigint(20) DEFAULT NULL,
  `OFFER_ID` bigint(20) NOT NULL,
  PRIMARY KEY (`FG_ADJUSTMENT_ID`),
  KEY `FGADJUSTMENT_INDEX` (`FULFILLMENT_GROUP_ID`),
  KEY `FGADJUSTMENT_OFFER_INDEX` (`OFFER_ID`),
  KEY `FK468C8F255028DC55` (`FULFILLMENT_GROUP_ID`),
  KEY `FK468C8F25D5F3FAF4` (`OFFER_ID`),
  CONSTRAINT `FK468C8F25D5F3FAF4` FOREIGN KEY (`OFFER_ID`) REFERENCES `BLC_OFFER` (`OFFER_ID`),
  CONSTRAINT `FK468C8F255028DC55` FOREIGN KEY (`FULFILLMENT_GROUP_ID`) REFERENCES `BLC_FULFILLMENT_GROUP` (`FULFILLMENT_GROUP_ID`)
) ENGINE=InnoDB DEFAULT CHARSET=latin1;
/*!40101 SET character_set_client = @saved_cs_client */;

--
-- Dumping data for table `BLC_FG_ADJUSTMENT`
--

LOCK TABLES `BLC_FG_ADJUSTMENT` WRITE;
/*!40000 ALTER TABLE `BLC_FG_ADJUSTMENT` DISABLE KEYS */;
/*!40000 ALTER TABLE `BLC_FG_ADJUSTMENT` ENABLE KEYS */;
UNLOCK TABLES;

--
-- Table structure for table `BLC_FG_FEE_TAX_XREF`
--

DROP TABLE IF EXISTS `BLC_FG_FEE_TAX_XREF`;
/*!40101 SET @saved_cs_client     = @@character_set_client */;
/*!40101 SET character_set_client = utf8 */;
CREATE TABLE `BLC_FG_FEE_TAX_XREF` (
  `FULFILLMENT_GROUP_FEE_ID` bigint(20) NOT NULL,
  `TAX_DETAIL_ID` bigint(20) NOT NULL,
  UNIQUE KEY `UK_25426DC0FA888C35` (`TAX_DETAIL_ID`),
  KEY `FK25426DC071448C19` (`TAX_DETAIL_ID`),
  KEY `FK25426DC0598F6D02` (`FULFILLMENT_GROUP_FEE_ID`),
  CONSTRAINT `FK25426DC0598F6D02` FOREIGN KEY (`FULFILLMENT_GROUP_FEE_ID`) REFERENCES `BLC_FULFILLMENT_GROUP_FEE` (`FULFILLMENT_GROUP_FEE_ID`),
  CONSTRAINT `FK25426DC071448C19` FOREIGN KEY (`TAX_DETAIL_ID`) REFERENCES `BLC_TAX_DETAIL` (`TAX_DETAIL_ID`)
) ENGINE=InnoDB DEFAULT CHARSET=latin1;
/*!40101 SET character_set_client = @saved_cs_client */;

--
-- Dumping data for table `BLC_FG_FEE_TAX_XREF`
--

LOCK TABLES `BLC_FG_FEE_TAX_XREF` WRITE;
/*!40000 ALTER TABLE `BLC_FG_FEE_TAX_XREF` DISABLE KEYS */;
/*!40000 ALTER TABLE `BLC_FG_FEE_TAX_XREF` ENABLE KEYS */;
UNLOCK TABLES;

--
-- Table structure for table `BLC_FG_FG_TAX_XREF`
--

DROP TABLE IF EXISTS `BLC_FG_FG_TAX_XREF`;
/*!40101 SET @saved_cs_client     = @@character_set_client */;
/*!40101 SET character_set_client = utf8 */;
CREATE TABLE `BLC_FG_FG_TAX_XREF` (
  `FULFILLMENT_GROUP_ID` bigint(20) NOT NULL,
  `TAX_DETAIL_ID` bigint(20) NOT NULL,
  UNIQUE KEY `UK_61BEA455FA888C35` (`TAX_DETAIL_ID`),
  KEY `FK61BEA45571448C19` (`TAX_DETAIL_ID`),
  KEY `FK61BEA4555028DC55` (`FULFILLMENT_GROUP_ID`),
  CONSTRAINT `FK61BEA4555028DC55` FOREIGN KEY (`FULFILLMENT_GROUP_ID`) REFERENCES `BLC_FULFILLMENT_GROUP` (`FULFILLMENT_GROUP_ID`),
  CONSTRAINT `FK61BEA45571448C19` FOREIGN KEY (`TAX_DETAIL_ID`) REFERENCES `BLC_TAX_DETAIL` (`TAX_DETAIL_ID`)
) ENGINE=InnoDB DEFAULT CHARSET=latin1;
/*!40101 SET character_set_client = @saved_cs_client */;

--
-- Dumping data for table `BLC_FG_FG_TAX_XREF`
--

LOCK TABLES `BLC_FG_FG_TAX_XREF` WRITE;
/*!40000 ALTER TABLE `BLC_FG_FG_TAX_XREF` DISABLE KEYS */;
/*!40000 ALTER TABLE `BLC_FG_FG_TAX_XREF` ENABLE KEYS */;
UNLOCK TABLES;

--
-- Table structure for table `BLC_FG_ITEM_TAX_XREF`
--

DROP TABLE IF EXISTS `BLC_FG_ITEM_TAX_XREF`;
/*!40101 SET @saved_cs_client     = @@character_set_client */;
/*!40101 SET character_set_client = utf8 */;
CREATE TABLE `BLC_FG_ITEM_TAX_XREF` (
  `FULFILLMENT_GROUP_ITEM_ID` bigint(20) NOT NULL,
  `TAX_DETAIL_ID` bigint(20) NOT NULL,
  UNIQUE KEY `UK_DD3E8443FA888C35` (`TAX_DETAIL_ID`),
  KEY `FKDD3E844371448C19` (`TAX_DETAIL_ID`),
  KEY `FKDD3E8443E3BBB4D2` (`FULFILLMENT_GROUP_ITEM_ID`),
  CONSTRAINT `FKDD3E8443E3BBB4D2` FOREIGN KEY (`FULFILLMENT_GROUP_ITEM_ID`) REFERENCES `BLC_FULFILLMENT_GROUP_ITEM` (`FULFILLMENT_GROUP_ITEM_ID`),
  CONSTRAINT `FKDD3E844371448C19` FOREIGN KEY (`TAX_DETAIL_ID`) REFERENCES `BLC_TAX_DETAIL` (`TAX_DETAIL_ID`)
) ENGINE=InnoDB DEFAULT CHARSET=latin1;
/*!40101 SET character_set_client = @saved_cs_client */;

--
-- Dumping data for table `BLC_FG_ITEM_TAX_XREF`
--

LOCK TABLES `BLC_FG_ITEM_TAX_XREF` WRITE;
/*!40000 ALTER TABLE `BLC_FG_ITEM_TAX_XREF` DISABLE KEYS */;
/*!40000 ALTER TABLE `BLC_FG_ITEM_TAX_XREF` ENABLE KEYS */;
UNLOCK TABLES;

--
-- Table structure for table `BLC_FIELD`
--

DROP TABLE IF EXISTS `BLC_FIELD`;
/*!40101 SET @saved_cs_client     = @@character_set_client */;
/*!40101 SET character_set_client = utf8 */;
CREATE TABLE `BLC_FIELD` (
  `FIELD_ID` bigint(20) NOT NULL,
  `ABBREVIATION` varchar(255) DEFAULT NULL,
  `ENTITY_TYPE` varchar(255) NOT NULL,
  `FACET_FIELD_TYPE` varchar(255) DEFAULT NULL,
  `PROPERTY_NAME` varchar(255) NOT NULL,
  `SEARCHABLE` tinyint(1) DEFAULT NULL,
  `TRANSLATABLE` tinyint(1) DEFAULT NULL,
  PRIMARY KEY (`FIELD_ID`),
  KEY `ENTITY_TYPE_INDEX` (`ENTITY_TYPE`)
) ENGINE=InnoDB DEFAULT CHARSET=latin1;
/*!40101 SET character_set_client = @saved_cs_client */;

--
-- Dumping data for table `BLC_FIELD`
--

LOCK TABLES `BLC_FIELD` WRITE;
/*!40000 ALTER TABLE `BLC_FIELD` DISABLE KEYS */;
/*!40000 ALTER TABLE `BLC_FIELD` ENABLE KEYS */;
UNLOCK TABLES;

--
-- Table structure for table `BLC_FIELD_SEARCH_TYPES`
--

DROP TABLE IF EXISTS `BLC_FIELD_SEARCH_TYPES`;
/*!40101 SET @saved_cs_client     = @@character_set_client */;
/*!40101 SET character_set_client = utf8 */;
CREATE TABLE `BLC_FIELD_SEARCH_TYPES` (
  `FIELD_ID` bigint(20) NOT NULL,
  `SEARCHABLE_FIELD_TYPE` varchar(255) DEFAULT NULL,
  KEY `FKF52D130D3C3907C4` (`FIELD_ID`),
  CONSTRAINT `FKF52D130D3C3907C4` FOREIGN KEY (`FIELD_ID`) REFERENCES `BLC_FIELD` (`FIELD_ID`)
) ENGINE=InnoDB DEFAULT CHARSET=latin1;
/*!40101 SET character_set_client = @saved_cs_client */;

--
-- Dumping data for table `BLC_FIELD_SEARCH_TYPES`
--

LOCK TABLES `BLC_FIELD_SEARCH_TYPES` WRITE;
/*!40000 ALTER TABLE `BLC_FIELD_SEARCH_TYPES` DISABLE KEYS */;
/*!40000 ALTER TABLE `BLC_FIELD_SEARCH_TYPES` ENABLE KEYS */;
UNLOCK TABLES;

--
-- Table structure for table `BLC_FLD_DEF`
--

DROP TABLE IF EXISTS `BLC_FLD_DEF`;
/*!40101 SET @saved_cs_client     = @@character_set_client */;
/*!40101 SET character_set_client = utf8 */;
CREATE TABLE `BLC_FLD_DEF` (
  `FLD_DEF_ID` bigint(20) NOT NULL,
  `ALLOW_MULTIPLES` tinyint(1) DEFAULT NULL,
  `COLUMN_WIDTH` varchar(255) DEFAULT NULL,
  `FLD_ORDER` int(11) DEFAULT NULL,
  `FLD_TYPE` varchar(255) DEFAULT NULL,
  `FRIENDLY_NAME` varchar(255) DEFAULT NULL,
  `HIDDEN_FLAG` tinyint(1) DEFAULT NULL,
  `MAX_LENGTH` int(11) DEFAULT NULL,
  `NAME` varchar(255) DEFAULT NULL,
  `REQUIRED_FLAG` tinyint(1) DEFAULT NULL,
  `SECURITY_LEVEL` varchar(255) DEFAULT NULL,
  `TEXT_AREA_FLAG` tinyint(1) DEFAULT NULL,
  `VLDTN_ERROR_MSSG_KEY` varchar(255) DEFAULT NULL,
  `VLDTN_REGEX` varchar(255) DEFAULT NULL,
  `ENUM_ID` bigint(20) DEFAULT NULL,
  `FLD_GROUP_ID` bigint(20) DEFAULT NULL,
  PRIMARY KEY (`FLD_DEF_ID`),
  KEY `FK3FCB575E38D08AB5` (`ENUM_ID`),
  KEY `FK3FCB575E6A79BDB5` (`FLD_GROUP_ID`),
  CONSTRAINT `FK3FCB575E6A79BDB5` FOREIGN KEY (`FLD_GROUP_ID`) REFERENCES `BLC_FLD_GROUP` (`FLD_GROUP_ID`),
  CONSTRAINT `FK3FCB575E38D08AB5` FOREIGN KEY (`ENUM_ID`) REFERENCES `BLC_DATA_DRVN_ENUM` (`ENUM_ID`)
) ENGINE=InnoDB DEFAULT CHARSET=latin1;
/*!40101 SET character_set_client = @saved_cs_client */;

--
-- Dumping data for table `BLC_FLD_DEF`
--

LOCK TABLES `BLC_FLD_DEF` WRITE;
/*!40000 ALTER TABLE `BLC_FLD_DEF` DISABLE KEYS */;
INSERT INTO `BLC_FLD_DEF` VALUES (-2,0,'*',1,'BOOLEAN','Plain Text',0,NULL,'plainText',NULL,NULL,0,NULL,NULL,NULL,-3),(-1,0,'*',0,'HTML','File Contents',0,NULL,'body',NULL,NULL,0,NULL,NULL,NULL,-3),(2,0,'*',1,'HTML','Body',0,NULL,'body',NULL,NULL,0,NULL,NULL,NULL,1),(3,0,'*',0,'STRING','Title',0,NULL,'title',NULL,NULL,0,NULL,NULL,NULL,1),(7,0,'*',0,'STRING','Image URL',0,150,'imageUrl',NULL,NULL,0,NULL,NULL,NULL,4),(8,0,'*',1,'STRING','Target URL',0,150,'targetUrl',NULL,NULL,0,NULL,NULL,NULL,4),(9,0,'*',0,'STRING','Message Text',0,150,'messageText',NULL,NULL,0,NULL,NULL,NULL,6),(10,0,'*',0,'HTML','HTML Content',0,NULL,'htmlContent',NULL,NULL,0,NULL,NULL,NULL,5);
/*!40000 ALTER TABLE `BLC_FLD_DEF` ENABLE KEYS */;
UNLOCK TABLES;

--
-- Table structure for table `BLC_FLD_ENUM`
--

DROP TABLE IF EXISTS `BLC_FLD_ENUM`;
/*!40101 SET @saved_cs_client     = @@character_set_client */;
/*!40101 SET character_set_client = utf8 */;
CREATE TABLE `BLC_FLD_ENUM` (
  `FLD_ENUM_ID` bigint(20) NOT NULL,
  `NAME` varchar(255) DEFAULT NULL,
  PRIMARY KEY (`FLD_ENUM_ID`)
) ENGINE=InnoDB DEFAULT CHARSET=latin1;
/*!40101 SET character_set_client = @saved_cs_client */;

--
-- Dumping data for table `BLC_FLD_ENUM`
--

LOCK TABLES `BLC_FLD_ENUM` WRITE;
/*!40000 ALTER TABLE `BLC_FLD_ENUM` DISABLE KEYS */;
/*!40000 ALTER TABLE `BLC_FLD_ENUM` ENABLE KEYS */;
UNLOCK TABLES;

--
-- Table structure for table `BLC_FLD_ENUM_ITEM`
--

DROP TABLE IF EXISTS `BLC_FLD_ENUM_ITEM`;
/*!40101 SET @saved_cs_client     = @@character_set_client */;
/*!40101 SET character_set_client = utf8 */;
CREATE TABLE `BLC_FLD_ENUM_ITEM` (
  `FLD_ENUM_ITEM_ID` bigint(20) NOT NULL,
  `FLD_ORDER` int(11) DEFAULT NULL,
  `FRIENDLY_NAME` varchar(255) DEFAULT NULL,
  `NAME` varchar(255) DEFAULT NULL,
  `FLD_ENUM_ID` bigint(20) DEFAULT NULL,
  PRIMARY KEY (`FLD_ENUM_ITEM_ID`),
  KEY `FK83A6A84AFD2EA299` (`FLD_ENUM_ID`),
  CONSTRAINT `FK83A6A84AFD2EA299` FOREIGN KEY (`FLD_ENUM_ID`) REFERENCES `BLC_FLD_ENUM` (`FLD_ENUM_ID`)
) ENGINE=InnoDB DEFAULT CHARSET=latin1;
/*!40101 SET character_set_client = @saved_cs_client */;

--
-- Dumping data for table `BLC_FLD_ENUM_ITEM`
--

LOCK TABLES `BLC_FLD_ENUM_ITEM` WRITE;
/*!40000 ALTER TABLE `BLC_FLD_ENUM_ITEM` DISABLE KEYS */;
/*!40000 ALTER TABLE `BLC_FLD_ENUM_ITEM` ENABLE KEYS */;
UNLOCK TABLES;

--
-- Table structure for table `BLC_FLD_GROUP`
--

DROP TABLE IF EXISTS `BLC_FLD_GROUP`;
/*!40101 SET @saved_cs_client     = @@character_set_client */;
/*!40101 SET character_set_client = utf8 */;
CREATE TABLE `BLC_FLD_GROUP` (
  `FLD_GROUP_ID` bigint(20) NOT NULL,
  `INIT_COLLAPSED_FLAG` tinyint(1) DEFAULT NULL,
  `NAME` varchar(255) DEFAULT NULL,
  PRIMARY KEY (`FLD_GROUP_ID`)
) ENGINE=InnoDB DEFAULT CHARSET=latin1;
/*!40101 SET character_set_client = @saved_cs_client */;

--
-- Dumping data for table `BLC_FLD_GROUP`
--

LOCK TABLES `BLC_FLD_GROUP` WRITE;
/*!40000 ALTER TABLE `BLC_FLD_GROUP` DISABLE KEYS */;
INSERT INTO `BLC_FLD_GROUP` VALUES (-3,0,'None'),(1,0,'Content'),(4,0,'Ad Fields'),(5,0,'HTML Fields'),(6,0,'Message Fields');
/*!40000 ALTER TABLE `BLC_FLD_GROUP` ENABLE KEYS */;
UNLOCK TABLES;

--
-- Table structure for table `BLC_FULFILLMENT_GROUP`
--

DROP TABLE IF EXISTS `BLC_FULFILLMENT_GROUP`;
/*!40101 SET @saved_cs_client     = @@character_set_client */;
/*!40101 SET character_set_client = utf8 */;
CREATE TABLE `BLC_FULFILLMENT_GROUP` (
  `FULFILLMENT_GROUP_ID` bigint(20) NOT NULL,
  `DELIVERY_INSTRUCTION` varchar(255) DEFAULT NULL,
  `PRICE` decimal(19,5) DEFAULT NULL,
  `SHIPPING_PRICE_TAXABLE` tinyint(1) DEFAULT NULL,
  `MERCHANDISE_TOTAL` decimal(19,5) DEFAULT NULL,
  `METHOD` varchar(255) DEFAULT NULL,
  `IS_PRIMARY` tinyint(1) DEFAULT NULL,
  `REFERENCE_NUMBER` varchar(255) DEFAULT NULL,
  `RETAIL_PRICE` decimal(19,5) DEFAULT NULL,
  `SALE_PRICE` decimal(19,5) DEFAULT NULL,
  `FULFILLMENT_GROUP_SEQUNCE` int(11) DEFAULT NULL,
  `SERVICE` varchar(255) DEFAULT NULL,
  `SHIPPING_OVERRIDE` tinyint(1) DEFAULT NULL,
  `STATUS` varchar(255) DEFAULT NULL,
  `TOTAL` decimal(19,5) DEFAULT NULL,
  `TOTAL_FEE_TAX` decimal(19,5) DEFAULT NULL,
  `TOTAL_FG_TAX` decimal(19,5) DEFAULT NULL,
  `TOTAL_ITEM_TAX` decimal(19,5) DEFAULT NULL,
  `TOTAL_TAX` decimal(19,5) DEFAULT NULL,
  `TYPE` varchar(255) DEFAULT NULL,
  `ADDRESS_ID` bigint(20) DEFAULT NULL,
  `FULFILLMENT_OPTION_ID` bigint(20) DEFAULT NULL,
  `ORDER_ID` bigint(20) NOT NULL,
  `PERSONAL_MESSAGE_ID` bigint(20) DEFAULT NULL,
  `PHONE_ID` bigint(20) DEFAULT NULL,
  PRIMARY KEY (`FULFILLMENT_GROUP_ID`),
  KEY `FG_ADDRESS_INDEX` (`ADDRESS_ID`),
  KEY `FG_METHOD_INDEX` (`METHOD`),
  KEY `FG_ORDER_INDEX` (`ORDER_ID`),
  KEY `FG_MESSAGE_INDEX` (`PERSONAL_MESSAGE_ID`),
  KEY `FG_PHONE_INDEX` (`PHONE_ID`),
  KEY `FG_PRIMARY_INDEX` (`IS_PRIMARY`),
  KEY `FG_REFERENCE_INDEX` (`REFERENCE_NUMBER`),
  KEY `FG_SERVICE_INDEX` (`SERVICE`),
  KEY `FG_STATUS_INDEX` (`STATUS`),
  KEY `FKC5B9EF18C13085DD` (`ADDRESS_ID`),
  KEY `FKC5B9EF1881F34C7F` (`FULFILLMENT_OPTION_ID`),
  KEY `FKC5B9EF1889FE8A02` (`ORDER_ID`),
  KEY `FKC5B9EF1877F565E1` (`PERSONAL_MESSAGE_ID`),
  KEY `FKC5B9EF18D894CB5D` (`PHONE_ID`),
  CONSTRAINT `FKC5B9EF18D894CB5D` FOREIGN KEY (`PHONE_ID`) REFERENCES `BLC_PHONE` (`PHONE_ID`),
  CONSTRAINT `FKC5B9EF1877F565E1` FOREIGN KEY (`PERSONAL_MESSAGE_ID`) REFERENCES `BLC_PERSONAL_MESSAGE` (`PERSONAL_MESSAGE_ID`),
  CONSTRAINT `FKC5B9EF1881F34C7F` FOREIGN KEY (`FULFILLMENT_OPTION_ID`) REFERENCES `BLC_FULFILLMENT_OPTION` (`FULFILLMENT_OPTION_ID`),
  CONSTRAINT `FKC5B9EF1889FE8A02` FOREIGN KEY (`ORDER_ID`) REFERENCES `BLC_ORDER` (`ORDER_ID`),
  CONSTRAINT `FKC5B9EF18C13085DD` FOREIGN KEY (`ADDRESS_ID`) REFERENCES `BLC_ADDRESS` (`ADDRESS_ID`)
) ENGINE=InnoDB DEFAULT CHARSET=latin1;
/*!40101 SET character_set_client = @saved_cs_client */;

--
-- Dumping data for table `BLC_FULFILLMENT_GROUP`
--

LOCK TABLES `BLC_FULFILLMENT_GROUP` WRITE;
/*!40000 ALTER TABLE `BLC_FULFILLMENT_GROUP` DISABLE KEYS */;
INSERT INTO `BLC_FULFILLMENT_GROUP` VALUES (1,NULL,0.00000,0,700.00000,NULL,0,NULL,0.00000,0.00000,NULL,NULL,NULL,NULL,700.00000,0.00000,0.00000,0.00000,0.00000,NULL,2,NULL,1,NULL,NULL);
/*!40000 ALTER TABLE `BLC_FULFILLMENT_GROUP` ENABLE KEYS */;
UNLOCK TABLES;

--
-- Table structure for table `BLC_FULFILLMENT_GROUP_FEE`
--

DROP TABLE IF EXISTS `BLC_FULFILLMENT_GROUP_FEE`;
/*!40101 SET @saved_cs_client     = @@character_set_client */;
/*!40101 SET character_set_client = utf8 */;
CREATE TABLE `BLC_FULFILLMENT_GROUP_FEE` (
  `FULFILLMENT_GROUP_FEE_ID` bigint(20) NOT NULL,
  `AMOUNT` decimal(19,5) DEFAULT NULL,
  `FEE_TAXABLE_FLAG` tinyint(1) DEFAULT NULL,
  `NAME` varchar(255) DEFAULT NULL,
  `REPORTING_CODE` varchar(255) DEFAULT NULL,
  `TOTAL_FEE_TAX` decimal(19,5) DEFAULT NULL,
  `FULFILLMENT_GROUP_ID` bigint(20) NOT NULL,
  PRIMARY KEY (`FULFILLMENT_GROUP_FEE_ID`),
  KEY `FK6AA8E1BF5028DC55` (`FULFILLMENT_GROUP_ID`),
  CONSTRAINT `FK6AA8E1BF5028DC55` FOREIGN KEY (`FULFILLMENT_GROUP_ID`) REFERENCES `BLC_FULFILLMENT_GROUP` (`FULFILLMENT_GROUP_ID`)
) ENGINE=InnoDB DEFAULT CHARSET=latin1;
/*!40101 SET character_set_client = @saved_cs_client */;

--
-- Dumping data for table `BLC_FULFILLMENT_GROUP_FEE`
--

LOCK TABLES `BLC_FULFILLMENT_GROUP_FEE` WRITE;
/*!40000 ALTER TABLE `BLC_FULFILLMENT_GROUP_FEE` DISABLE KEYS */;
/*!40000 ALTER TABLE `BLC_FULFILLMENT_GROUP_FEE` ENABLE KEYS */;
UNLOCK TABLES;

--
-- Table structure for table `BLC_FULFILLMENT_GROUP_ITEM`
--

DROP TABLE IF EXISTS `BLC_FULFILLMENT_GROUP_ITEM`;
/*!40101 SET @saved_cs_client     = @@character_set_client */;
/*!40101 SET character_set_client = utf8 */;
CREATE TABLE `BLC_FULFILLMENT_GROUP_ITEM` (
  `FULFILLMENT_GROUP_ITEM_ID` bigint(20) NOT NULL,
  `PRORATED_ORDER_ADJ` decimal(19,2) DEFAULT NULL,
  `QUANTITY` int(11) NOT NULL,
  `STATUS` varchar(255) DEFAULT NULL,
  `TOTAL_ITEM_AMOUNT` decimal(19,5) DEFAULT NULL,
  `TOTAL_ITEM_TAXABLE_AMOUNT` decimal(19,5) DEFAULT NULL,
  `TOTAL_ITEM_TAX` decimal(19,5) DEFAULT NULL,
  `FULFILLMENT_GROUP_ID` bigint(20) NOT NULL,
  `ORDER_ITEM_ID` bigint(20) NOT NULL,
  PRIMARY KEY (`FULFILLMENT_GROUP_ITEM_ID`),
  KEY `FGITEM_FG_INDEX` (`FULFILLMENT_GROUP_ID`),
  KEY `FGITEM_STATUS_INDEX` (`STATUS`),
  KEY `FKEA74EBDA5028DC55` (`FULFILLMENT_GROUP_ID`),
  KEY `FKEA74EBDA9AF166DF` (`ORDER_ITEM_ID`),
  CONSTRAINT `FKEA74EBDA9AF166DF` FOREIGN KEY (`ORDER_ITEM_ID`) REFERENCES `BLC_ORDER_ITEM` (`ORDER_ITEM_ID`),
  CONSTRAINT `FKEA74EBDA5028DC55` FOREIGN KEY (`FULFILLMENT_GROUP_ID`) REFERENCES `BLC_FULFILLMENT_GROUP` (`FULFILLMENT_GROUP_ID`)
) ENGINE=InnoDB DEFAULT CHARSET=latin1;
/*!40101 SET character_set_client = @saved_cs_client */;

--
-- Dumping data for table `BLC_FULFILLMENT_GROUP_ITEM`
--

LOCK TABLES `BLC_FULFILLMENT_GROUP_ITEM` WRITE;
/*!40000 ALTER TABLE `BLC_FULFILLMENT_GROUP_ITEM` DISABLE KEYS */;
INSERT INTO `BLC_FULFILLMENT_GROUP_ITEM` VALUES (1,0.00,1,NULL,700.00000,700.00000,0.00000,1,1);
/*!40000 ALTER TABLE `BLC_FULFILLMENT_GROUP_ITEM` ENABLE KEYS */;
UNLOCK TABLES;

--
-- Table structure for table `BLC_FULFILLMENT_OPTION`
--

DROP TABLE IF EXISTS `BLC_FULFILLMENT_OPTION`;
/*!40101 SET @saved_cs_client     = @@character_set_client */;
/*!40101 SET character_set_client = utf8 */;
CREATE TABLE `BLC_FULFILLMENT_OPTION` (
  `FULFILLMENT_OPTION_ID` bigint(20) NOT NULL,
  `FULFILLMENT_TYPE` varchar(255) NOT NULL,
  `LONG_DESCRIPTION` longtext,
  `NAME` varchar(255) DEFAULT NULL,
  `TAX_CODE` varchar(255) DEFAULT NULL,
  `TAXABLE` tinyint(1) DEFAULT NULL,
  `USE_FLAT_RATES` tinyint(1) DEFAULT NULL,
  PRIMARY KEY (`FULFILLMENT_OPTION_ID`)
) ENGINE=InnoDB DEFAULT CHARSET=latin1;
/*!40101 SET character_set_client = @saved_cs_client */;

--
-- Dumping data for table `BLC_FULFILLMENT_OPTION`
--

LOCK TABLES `BLC_FULFILLMENT_OPTION` WRITE;
/*!40000 ALTER TABLE `BLC_FULFILLMENT_OPTION` DISABLE KEYS */;
INSERT INTO `BLC_FULFILLMENT_OPTION` VALUES (1,'PHYSICAL_SHIP','5 - 7 Days','Standard',NULL,NULL,0),(2,'PHYSICAL_SHIP','3 - 5 Days','Priority',NULL,NULL,0),(3,'PHYSICAL_SHIP','1 - 2 Days','Express',NULL,NULL,0);
/*!40000 ALTER TABLE `BLC_FULFILLMENT_OPTION` ENABLE KEYS */;
UNLOCK TABLES;

--
-- Table structure for table `BLC_FULFILLMENT_OPTION_FIXED`
--

DROP TABLE IF EXISTS `BLC_FULFILLMENT_OPTION_FIXED`;
/*!40101 SET @saved_cs_client     = @@character_set_client */;
/*!40101 SET character_set_client = utf8 */;
CREATE TABLE `BLC_FULFILLMENT_OPTION_FIXED` (
  `PRICE` decimal(19,5) NOT NULL,
  `FULFILLMENT_OPTION_ID` bigint(20) NOT NULL,
  `CURRENCY_CODE` varchar(255) DEFAULT NULL,
  PRIMARY KEY (`FULFILLMENT_OPTION_ID`),
  KEY `FK408360313E2FC4F9` (`CURRENCY_CODE`),
  KEY `FK4083603181F34C7F` (`FULFILLMENT_OPTION_ID`),
  CONSTRAINT `FK4083603181F34C7F` FOREIGN KEY (`FULFILLMENT_OPTION_ID`) REFERENCES `BLC_FULFILLMENT_OPTION` (`FULFILLMENT_OPTION_ID`),
  CONSTRAINT `FK408360313E2FC4F9` FOREIGN KEY (`CURRENCY_CODE`) REFERENCES `BLC_CURRENCY` (`CURRENCY_CODE`)
) ENGINE=InnoDB DEFAULT CHARSET=latin1;
/*!40101 SET character_set_client = @saved_cs_client */;

--
-- Dumping data for table `BLC_FULFILLMENT_OPTION_FIXED`
--

LOCK TABLES `BLC_FULFILLMENT_OPTION_FIXED` WRITE;
/*!40000 ALTER TABLE `BLC_FULFILLMENT_OPTION_FIXED` DISABLE KEYS */;
INSERT INTO `BLC_FULFILLMENT_OPTION_FIXED` VALUES (5.00000,1,NULL),(10.00000,2,NULL),(20.00000,3,NULL);
/*!40000 ALTER TABLE `BLC_FULFILLMENT_OPTION_FIXED` ENABLE KEYS */;
UNLOCK TABLES;

--
-- Table structure for table `BLC_FULFILLMENT_OPT_BANDED_PRC`
--

DROP TABLE IF EXISTS `BLC_FULFILLMENT_OPT_BANDED_PRC`;
/*!40101 SET @saved_cs_client     = @@character_set_client */;
/*!40101 SET character_set_client = utf8 */;
CREATE TABLE `BLC_FULFILLMENT_OPT_BANDED_PRC` (
  `FULFILLMENT_OPTION_ID` bigint(20) NOT NULL,
  PRIMARY KEY (`FULFILLMENT_OPTION_ID`),
  KEY `FKB1FD71E981F34C7F` (`FULFILLMENT_OPTION_ID`),
  CONSTRAINT `FKB1FD71E981F34C7F` FOREIGN KEY (`FULFILLMENT_OPTION_ID`) REFERENCES `BLC_FULFILLMENT_OPTION` (`FULFILLMENT_OPTION_ID`)
) ENGINE=InnoDB DEFAULT CHARSET=latin1;
/*!40101 SET character_set_client = @saved_cs_client */;

--
-- Dumping data for table `BLC_FULFILLMENT_OPT_BANDED_PRC`
--

LOCK TABLES `BLC_FULFILLMENT_OPT_BANDED_PRC` WRITE;
/*!40000 ALTER TABLE `BLC_FULFILLMENT_OPT_BANDED_PRC` DISABLE KEYS */;
/*!40000 ALTER TABLE `BLC_FULFILLMENT_OPT_BANDED_PRC` ENABLE KEYS */;
UNLOCK TABLES;

--
-- Table structure for table `BLC_FULFILLMENT_OPT_BANDED_WGT`
--

DROP TABLE IF EXISTS `BLC_FULFILLMENT_OPT_BANDED_WGT`;
/*!40101 SET @saved_cs_client     = @@character_set_client */;
/*!40101 SET character_set_client = utf8 */;
CREATE TABLE `BLC_FULFILLMENT_OPT_BANDED_WGT` (
  `FULFILLMENT_OPTION_ID` bigint(20) NOT NULL,
  PRIMARY KEY (`FULFILLMENT_OPTION_ID`),
  KEY `FKB1FD8AEC81F34C7F` (`FULFILLMENT_OPTION_ID`),
  CONSTRAINT `FKB1FD8AEC81F34C7F` FOREIGN KEY (`FULFILLMENT_OPTION_ID`) REFERENCES `BLC_FULFILLMENT_OPTION` (`FULFILLMENT_OPTION_ID`)
) ENGINE=InnoDB DEFAULT CHARSET=latin1;
/*!40101 SET character_set_client = @saved_cs_client */;

--
-- Dumping data for table `BLC_FULFILLMENT_OPT_BANDED_WGT`
--

LOCK TABLES `BLC_FULFILLMENT_OPT_BANDED_WGT` WRITE;
/*!40000 ALTER TABLE `BLC_FULFILLMENT_OPT_BANDED_WGT` DISABLE KEYS */;
/*!40000 ALTER TABLE `BLC_FULFILLMENT_OPT_BANDED_WGT` ENABLE KEYS */;
UNLOCK TABLES;

--
-- Table structure for table `BLC_FULFILLMENT_PRICE_BAND`
--

DROP TABLE IF EXISTS `BLC_FULFILLMENT_PRICE_BAND`;
/*!40101 SET @saved_cs_client     = @@character_set_client */;
/*!40101 SET character_set_client = utf8 */;
CREATE TABLE `BLC_FULFILLMENT_PRICE_BAND` (
  `FULFILLMENT_PRICE_BAND_ID` bigint(20) NOT NULL,
  `RESULT_AMOUNT` decimal(19,5) NOT NULL,
  `RESULT_AMOUNT_TYPE` varchar(255) NOT NULL,
  `RETAIL_PRICE_MINIMUM_AMOUNT` decimal(19,5) NOT NULL,
  `FULFILLMENT_OPTION_ID` bigint(20) DEFAULT NULL,
  PRIMARY KEY (`FULFILLMENT_PRICE_BAND_ID`),
  KEY `FK46C9EA726CDF59CA` (`FULFILLMENT_OPTION_ID`),
  CONSTRAINT `FK46C9EA726CDF59CA` FOREIGN KEY (`FULFILLMENT_OPTION_ID`) REFERENCES `BLC_FULFILLMENT_OPT_BANDED_PRC` (`FULFILLMENT_OPTION_ID`)
) ENGINE=InnoDB DEFAULT CHARSET=latin1;
/*!40101 SET character_set_client = @saved_cs_client */;

--
-- Dumping data for table `BLC_FULFILLMENT_PRICE_BAND`
--

LOCK TABLES `BLC_FULFILLMENT_PRICE_BAND` WRITE;
/*!40000 ALTER TABLE `BLC_FULFILLMENT_PRICE_BAND` DISABLE KEYS */;
/*!40000 ALTER TABLE `BLC_FULFILLMENT_PRICE_BAND` ENABLE KEYS */;
UNLOCK TABLES;

--
-- Table structure for table `BLC_FULFILLMENT_WEIGHT_BAND`
--

DROP TABLE IF EXISTS `BLC_FULFILLMENT_WEIGHT_BAND`;
/*!40101 SET @saved_cs_client     = @@character_set_client */;
/*!40101 SET character_set_client = utf8 */;
CREATE TABLE `BLC_FULFILLMENT_WEIGHT_BAND` (
  `FULFILLMENT_WEIGHT_BAND_ID` bigint(20) NOT NULL,
  `RESULT_AMOUNT` decimal(19,5) NOT NULL,
  `RESULT_AMOUNT_TYPE` varchar(255) NOT NULL,
  `MINIMUM_WEIGHT` decimal(19,5) DEFAULT NULL,
  `WEIGHT_UNIT_OF_MEASURE` varchar(255) DEFAULT NULL,
  `FULFILLMENT_OPTION_ID` bigint(20) DEFAULT NULL,
  PRIMARY KEY (`FULFILLMENT_WEIGHT_BAND_ID`),
  KEY `FK6A048D95A0B429C3` (`FULFILLMENT_OPTION_ID`),
  CONSTRAINT `FK6A048D95A0B429C3` FOREIGN KEY (`FULFILLMENT_OPTION_ID`) REFERENCES `BLC_FULFILLMENT_OPT_BANDED_WGT` (`FULFILLMENT_OPTION_ID`)
) ENGINE=InnoDB DEFAULT CHARSET=latin1;
/*!40101 SET character_set_client = @saved_cs_client */;

--
-- Dumping data for table `BLC_FULFILLMENT_WEIGHT_BAND`
--

LOCK TABLES `BLC_FULFILLMENT_WEIGHT_BAND` WRITE;
/*!40000 ALTER TABLE `BLC_FULFILLMENT_WEIGHT_BAND` DISABLE KEYS */;
/*!40000 ALTER TABLE `BLC_FULFILLMENT_WEIGHT_BAND` ENABLE KEYS */;
UNLOCK TABLES;

--
-- Table structure for table `BLC_GIFTWRAP_ORDER_ITEM`
--

DROP TABLE IF EXISTS `BLC_GIFTWRAP_ORDER_ITEM`;
/*!40101 SET @saved_cs_client     = @@character_set_client */;
/*!40101 SET character_set_client = utf8 */;
CREATE TABLE `BLC_GIFTWRAP_ORDER_ITEM` (
  `ORDER_ITEM_ID` bigint(20) NOT NULL,
  PRIMARY KEY (`ORDER_ITEM_ID`),
  KEY `FKE1BE1563B76B9466` (`ORDER_ITEM_ID`),
  CONSTRAINT `FKE1BE1563B76B9466` FOREIGN KEY (`ORDER_ITEM_ID`) REFERENCES `BLC_DISCRETE_ORDER_ITEM` (`ORDER_ITEM_ID`)
) ENGINE=InnoDB DEFAULT CHARSET=latin1;
/*!40101 SET character_set_client = @saved_cs_client */;

--
-- Dumping data for table `BLC_GIFTWRAP_ORDER_ITEM`
--

LOCK TABLES `BLC_GIFTWRAP_ORDER_ITEM` WRITE;
/*!40000 ALTER TABLE `BLC_GIFTWRAP_ORDER_ITEM` DISABLE KEYS */;
/*!40000 ALTER TABLE `BLC_GIFTWRAP_ORDER_ITEM` ENABLE KEYS */;
UNLOCK TABLES;

--
-- Table structure for table `BLC_GIFT_CARD_PAYMENT`
--

DROP TABLE IF EXISTS `BLC_GIFT_CARD_PAYMENT`;
/*!40101 SET @saved_cs_client     = @@character_set_client */;
/*!40101 SET character_set_client = utf8 */;
CREATE TABLE `BLC_GIFT_CARD_PAYMENT` (
  `PAYMENT_ID` bigint(20) NOT NULL,
  `PAN` varchar(255) NOT NULL,
  `PIN` varchar(255) DEFAULT NULL,
  `REFERENCE_NUMBER` varchar(255) NOT NULL,
  PRIMARY KEY (`PAYMENT_ID`),
  KEY `GIFTCARD_INDEX` (`REFERENCE_NUMBER`)
) ENGINE=InnoDB DEFAULT CHARSET=latin1;
/*!40101 SET character_set_client = @saved_cs_client */;

--
-- Dumping data for table `BLC_GIFT_CARD_PAYMENT`
--

LOCK TABLES `BLC_GIFT_CARD_PAYMENT` WRITE;
/*!40000 ALTER TABLE `BLC_GIFT_CARD_PAYMENT` DISABLE KEYS */;
/*!40000 ALTER TABLE `BLC_GIFT_CARD_PAYMENT` ENABLE KEYS */;
UNLOCK TABLES;

--
-- Table structure for table `BLC_ID_GENERATION`
--

DROP TABLE IF EXISTS `BLC_ID_GENERATION`;
/*!40101 SET @saved_cs_client     = @@character_set_client */;
/*!40101 SET character_set_client = utf8 */;
CREATE TABLE `BLC_ID_GENERATION` (
  `ID_TYPE` varchar(255) NOT NULL,
  `BATCH_SIZE` bigint(20) NOT NULL,
  `BATCH_START` bigint(20) NOT NULL,
  `ID_MIN` bigint(20) DEFAULT NULL,
  `ID_MAX` bigint(20) DEFAULT NULL,
  `version` int(11) DEFAULT NULL,
  PRIMARY KEY (`ID_TYPE`)
) ENGINE=InnoDB DEFAULT CHARSET=latin1;
/*!40101 SET character_set_client = @saved_cs_client */;

--
-- Dumping data for table `BLC_ID_GENERATION`
--

LOCK TABLES `BLC_ID_GENERATION` WRITE;
/*!40000 ALTER TABLE `BLC_ID_GENERATION` DISABLE KEYS */;
INSERT INTO `BLC_ID_GENERATION` VALUES ('org.broadleafcommerce.profile.core.domain.Customer',100,200,NULL,NULL,2);
/*!40000 ALTER TABLE `BLC_ID_GENERATION` ENABLE KEYS */;
UNLOCK TABLES;

--
-- Table structure for table `BLC_IMG_STATIC_ASSET`
--

DROP TABLE IF EXISTS `BLC_IMG_STATIC_ASSET`;
/*!40101 SET @saved_cs_client     = @@character_set_client */;
/*!40101 SET character_set_client = utf8 */;
CREATE TABLE `BLC_IMG_STATIC_ASSET` (
  `HEIGHT` int(11) DEFAULT NULL,
  `WIDTH` int(11) DEFAULT NULL,
  `STATIC_ASSET_ID` bigint(20) NOT NULL,
  PRIMARY KEY (`STATIC_ASSET_ID`),
  KEY `FKCC4B772167F70B63` (`STATIC_ASSET_ID`),
  CONSTRAINT `FKCC4B772167F70B63` FOREIGN KEY (`STATIC_ASSET_ID`) REFERENCES `BLC_STATIC_ASSET` (`STATIC_ASSET_ID`)
) ENGINE=InnoDB DEFAULT CHARSET=latin1;
/*!40101 SET character_set_client = @saved_cs_client */;

--
-- Dumping data for table `BLC_IMG_STATIC_ASSET`
--

LOCK TABLES `BLC_IMG_STATIC_ASSET` WRITE;
/*!40000 ALTER TABLE `BLC_IMG_STATIC_ASSET` DISABLE KEYS */;
INSERT INTO `BLC_IMG_STATIC_ASSET` VALUES (140,119,99951);
/*!40000 ALTER TABLE `BLC_IMG_STATIC_ASSET` ENABLE KEYS */;
UNLOCK TABLES;

--
-- Table structure for table `BLC_ITEM_OFFER_QUALIFIER`
--

DROP TABLE IF EXISTS `BLC_ITEM_OFFER_QUALIFIER`;
/*!40101 SET @saved_cs_client     = @@character_set_client */;
/*!40101 SET character_set_client = utf8 */;
CREATE TABLE `BLC_ITEM_OFFER_QUALIFIER` (
  `ITEM_OFFER_QUALIFIER_ID` bigint(20) NOT NULL,
  `QUANTITY` bigint(20) DEFAULT NULL,
  `OFFER_ID` bigint(20) NOT NULL,
  `ORDER_ITEM_ID` bigint(20) DEFAULT NULL,
  PRIMARY KEY (`ITEM_OFFER_QUALIFIER_ID`),
  KEY `FKD9C50C61D5F3FAF4` (`OFFER_ID`),
  KEY `FKD9C50C619AF166DF` (`ORDER_ITEM_ID`),
  CONSTRAINT `FKD9C50C619AF166DF` FOREIGN KEY (`ORDER_ITEM_ID`) REFERENCES `BLC_ORDER_ITEM` (`ORDER_ITEM_ID`),
  CONSTRAINT `FKD9C50C61D5F3FAF4` FOREIGN KEY (`OFFER_ID`) REFERENCES `BLC_OFFER` (`OFFER_ID`)
) ENGINE=InnoDB DEFAULT CHARSET=latin1;
/*!40101 SET character_set_client = @saved_cs_client */;

--
-- Dumping data for table `BLC_ITEM_OFFER_QUALIFIER`
--

LOCK TABLES `BLC_ITEM_OFFER_QUALIFIER` WRITE;
/*!40000 ALTER TABLE `BLC_ITEM_OFFER_QUALIFIER` DISABLE KEYS */;
/*!40000 ALTER TABLE `BLC_ITEM_OFFER_QUALIFIER` ENABLE KEYS */;
UNLOCK TABLES;

--
-- Table structure for table `BLC_LOCALE`
--

DROP TABLE IF EXISTS `BLC_LOCALE`;
/*!40101 SET @saved_cs_client     = @@character_set_client */;
/*!40101 SET character_set_client = utf8 */;
CREATE TABLE `BLC_LOCALE` (
  `LOCALE_CODE` varchar(255) NOT NULL,
  `DEFAULT_FLAG` tinyint(1) DEFAULT NULL,
  `FRIENDLY_NAME` varchar(255) DEFAULT NULL,
  `USE_IN_SEARCH_INDEX` tinyint(1) DEFAULT NULL,
  `CURRENCY_CODE` varchar(255) DEFAULT NULL,
  PRIMARY KEY (`LOCALE_CODE`),
  KEY `FK56C7DC203E2FC4F9` (`CURRENCY_CODE`),
  CONSTRAINT `FK56C7DC203E2FC4F9` FOREIGN KEY (`CURRENCY_CODE`) REFERENCES `BLC_CURRENCY` (`CURRENCY_CODE`)
) ENGINE=InnoDB DEFAULT CHARSET=latin1;
/*!40101 SET character_set_client = @saved_cs_client */;

--
-- Dumping data for table `BLC_LOCALE`
--

LOCK TABLES `BLC_LOCALE` WRITE;
/*!40000 ALTER TABLE `BLC_LOCALE` DISABLE KEYS */;
INSERT INTO `BLC_LOCALE` VALUES ('en',0,'English',NULL,'USD'),('en_GB',0,'English (United Kingdom)',NULL,'GBP'),('en_US',1,'Indian Rupee',0,'INR'),('es',0,'Spanish',NULL,'EUR'),('es_ES',0,'Spanish (Spain)',NULL,'EUR'),('es_MX',0,'Spanish (Mexico)',NULL,'MXN'),('fr',0,'French',NULL,'EUR'),('fr_FR',0,'French (France)',NULL,'EUR');
/*!40000 ALTER TABLE `BLC_LOCALE` ENABLE KEYS */;
UNLOCK TABLES;

--
-- Table structure for table `BLC_MEDIA`
--

DROP TABLE IF EXISTS `BLC_MEDIA`;
/*!40101 SET @saved_cs_client     = @@character_set_client */;
/*!40101 SET character_set_client = utf8 */;
CREATE TABLE `BLC_MEDIA` (
  `MEDIA_ID` bigint(20) NOT NULL,
  `ALT_TEXT` varchar(255) DEFAULT NULL,
  `TAGS` varchar(255) DEFAULT NULL,
  `TITLE` varchar(255) DEFAULT NULL,
  `URL` varchar(255) NOT NULL,
  PRIMARY KEY (`MEDIA_ID`),
  KEY `MEDIA_TITLE_INDEX` (`TITLE`),
  KEY `MEDIA_URL_INDEX` (`URL`)
) ENGINE=InnoDB DEFAULT CHARSET=latin1;
/*!40101 SET character_set_client = @saved_cs_client */;

--
-- Dumping data for table `BLC_MEDIA`
--

LOCK TABLES `BLC_MEDIA` WRITE;
/*!40000 ALTER TABLE `BLC_MEDIA` DISABLE KEYS */;
INSERT INTO `BLC_MEDIA` VALUES (99953,NULL,NULL,NULL,'/cmsstatic/product/product.png'),(99954,NULL,NULL,NULL,'/cmsstatic/product/product.png'),(99955,NULL,NULL,NULL,'/cmsstatic/product/product.png'),(99956,NULL,NULL,NULL,'/cmsstatic/product/product.png');
/*!40000 ALTER TABLE `BLC_MEDIA` ENABLE KEYS */;
UNLOCK TABLES;

--
-- Table structure for table `BLC_MODULE_CONFIGURATION`
--

DROP TABLE IF EXISTS `BLC_MODULE_CONFIGURATION`;
/*!40101 SET @saved_cs_client     = @@character_set_client */;
/*!40101 SET character_set_client = utf8 */;
CREATE TABLE `BLC_MODULE_CONFIGURATION` (
  `MODULE_CONFIG_ID` bigint(20) NOT NULL,
  `ACTIVE_END_DATE` datetime DEFAULT NULL,
  `ACTIVE_START_DATE` datetime DEFAULT NULL,
  `ARCHIVED` char(1) DEFAULT NULL,
  `CREATED_BY` bigint(20) DEFAULT NULL,
  `DATE_CREATED` datetime DEFAULT NULL,
  `DATE_UPDATED` datetime DEFAULT NULL,
  `UPDATED_BY` bigint(20) DEFAULT NULL,
  `CONFIG_TYPE` varchar(255) NOT NULL,
  `IS_DEFAULT` tinyint(1) NOT NULL,
  `MODULE_NAME` varchar(255) NOT NULL,
  `MODULE_PRIORITY` int(11) NOT NULL,
  PRIMARY KEY (`MODULE_CONFIG_ID`)
) ENGINE=InnoDB DEFAULT CHARSET=latin1;
/*!40101 SET character_set_client = @saved_cs_client */;

--
-- Dumping data for table `BLC_MODULE_CONFIGURATION`
--

LOCK TABLES `BLC_MODULE_CONFIGURATION` WRITE;
/*!40000 ALTER TABLE `BLC_MODULE_CONFIGURATION` DISABLE KEYS */;
INSERT INTO `BLC_MODULE_CONFIGURATION` VALUES (-1,NULL,'2015-06-19 16:32:28',NULL,NULL,NULL,NULL,NULL,'SITE_MAP',1,'SITE_MAP',100);
/*!40000 ALTER TABLE `BLC_MODULE_CONFIGURATION` ENABLE KEYS */;
UNLOCK TABLES;

--
-- Table structure for table `BLC_OFFER`
--

DROP TABLE IF EXISTS `BLC_OFFER`;
/*!40101 SET @saved_cs_client     = @@character_set_client */;
/*!40101 SET character_set_client = utf8 */;
CREATE TABLE `BLC_OFFER` (
  `OFFER_ID` bigint(20) NOT NULL,
  `APPLIES_WHEN_RULES` longtext,
  `APPLIES_TO_RULES` longtext,
  `APPLY_OFFER_TO_MARKED_ITEMS` tinyint(1) DEFAULT NULL,
  `APPLY_TO_SALE_PRICE` tinyint(1) DEFAULT NULL,
  `ARCHIVED` char(1) DEFAULT NULL,
  `AUTOMATICALLY_ADDED` tinyint(1) DEFAULT NULL,
  `COMBINABLE_WITH_OTHER_OFFERS` tinyint(1) DEFAULT NULL,
  `OFFER_DELIVERY_TYPE` varchar(255) DEFAULT NULL,
  `OFFER_DESCRIPTION` varchar(255) DEFAULT NULL,
  `OFFER_DISCOUNT_TYPE` varchar(255) DEFAULT NULL,
  `END_DATE` datetime DEFAULT NULL,
  `MARKETING_MESSASGE` varchar(255) DEFAULT NULL,
  `MAX_USES_PER_CUSTOMER` bigint(20) DEFAULT NULL,
  `MAX_USES` int(11) DEFAULT NULL,
  `OFFER_NAME` varchar(255) NOT NULL,
  `OFFER_ITEM_QUALIFIER_RULE` varchar(255) DEFAULT NULL,
  `OFFER_ITEM_TARGET_RULE` varchar(255) DEFAULT NULL,
  `OFFER_PRIORITY` int(11) DEFAULT NULL,
  `QUALIFYING_ITEM_MIN_TOTAL` decimal(19,5) DEFAULT NULL,
  `REQUIRES_RELATED_TAR_QUAL` tinyint(1) DEFAULT NULL,
  `STACKABLE` tinyint(1) DEFAULT NULL,
  `START_DATE` datetime DEFAULT NULL,
  `TARGET_SYSTEM` varchar(255) DEFAULT NULL,
  `TOTALITARIAN_OFFER` tinyint(1) DEFAULT NULL,
  `USE_NEW_FORMAT` tinyint(1) DEFAULT NULL,
  `OFFER_TYPE` varchar(255) NOT NULL,
  `USES` int(11) DEFAULT NULL,
  `OFFER_VALUE` decimal(19,5) NOT NULL,
  PRIMARY KEY (`OFFER_ID`),
  KEY `OFFER_DISCOUNT_INDEX` (`OFFER_DISCOUNT_TYPE`),
  KEY `OFFER_MARKETING_MESSAGE_INDEX` (`MARKETING_MESSASGE`),
  KEY `OFFER_NAME_INDEX` (`OFFER_NAME`),
  KEY `OFFER_TYPE_INDEX` (`OFFER_TYPE`)
) ENGINE=InnoDB DEFAULT CHARSET=latin1;
/*!40101 SET character_set_client = @saved_cs_client */;

--
-- Dumping data for table `BLC_OFFER`
--

LOCK TABLES `BLC_OFFER` WRITE;
/*!40000 ALTER TABLE `BLC_OFFER` DISABLE KEYS */;
/*!40000 ALTER TABLE `BLC_OFFER` ENABLE KEYS */;
UNLOCK TABLES;

--
-- Table structure for table `BLC_OFFER_AUDIT`
--

DROP TABLE IF EXISTS `BLC_OFFER_AUDIT`;
/*!40101 SET @saved_cs_client     = @@character_set_client */;
/*!40101 SET character_set_client = utf8 */;
CREATE TABLE `BLC_OFFER_AUDIT` (
  `OFFER_AUDIT_ID` bigint(20) NOT NULL,
  `CUSTOMER_ID` bigint(20) DEFAULT NULL,
  `OFFER_CODE_ID` bigint(20) DEFAULT NULL,
  `OFFER_ID` bigint(20) DEFAULT NULL,
  `ORDER_ID` bigint(20) DEFAULT NULL,
  `REDEEMED_DATE` datetime DEFAULT NULL,
  PRIMARY KEY (`OFFER_AUDIT_ID`),
  KEY `OFFERAUDIT_CUSTOMER_INDEX` (`CUSTOMER_ID`),
  KEY `OFFERAUDIT_OFFER_CODE_INDEX` (`OFFER_CODE_ID`),
  KEY `OFFERAUDIT_OFFER_INDEX` (`OFFER_ID`),
  KEY `OFFERAUDIT_ORDER_INDEX` (`ORDER_ID`)
) ENGINE=InnoDB DEFAULT CHARSET=latin1;
/*!40101 SET character_set_client = @saved_cs_client */;

--
-- Dumping data for table `BLC_OFFER_AUDIT`
--

LOCK TABLES `BLC_OFFER_AUDIT` WRITE;
/*!40000 ALTER TABLE `BLC_OFFER_AUDIT` DISABLE KEYS */;
/*!40000 ALTER TABLE `BLC_OFFER_AUDIT` ENABLE KEYS */;
UNLOCK TABLES;

--
-- Table structure for table `BLC_OFFER_CODE`
--

DROP TABLE IF EXISTS `BLC_OFFER_CODE`;
/*!40101 SET @saved_cs_client     = @@character_set_client */;
/*!40101 SET character_set_client = utf8 */;
CREATE TABLE `BLC_OFFER_CODE` (
  `OFFER_CODE_ID` bigint(20) NOT NULL,
  `ARCHIVED` char(1) DEFAULT NULL,
  `MAX_USES` int(11) DEFAULT NULL,
  `OFFER_CODE` varchar(255) NOT NULL,
  `END_DATE` datetime DEFAULT NULL,
  `START_DATE` datetime DEFAULT NULL,
  `USES` int(11) DEFAULT NULL,
  `OFFER_ID` bigint(20) NOT NULL,
  PRIMARY KEY (`OFFER_CODE_ID`),
  KEY `OFFERCODE_OFFER_INDEX` (`OFFER_ID`),
  KEY `OFFERCODE_CODE_INDEX` (`OFFER_CODE`),
  KEY `FK76B8C8D6D5F3FAF4` (`OFFER_ID`),
  CONSTRAINT `FK76B8C8D6D5F3FAF4` FOREIGN KEY (`OFFER_ID`) REFERENCES `BLC_OFFER` (`OFFER_ID`)
) ENGINE=InnoDB DEFAULT CHARSET=latin1;
/*!40101 SET character_set_client = @saved_cs_client */;

--
-- Dumping data for table `BLC_OFFER_CODE`
--

LOCK TABLES `BLC_OFFER_CODE` WRITE;
/*!40000 ALTER TABLE `BLC_OFFER_CODE` DISABLE KEYS */;
/*!40000 ALTER TABLE `BLC_OFFER_CODE` ENABLE KEYS */;
UNLOCK TABLES;

--
-- Table structure for table `BLC_OFFER_INFO`
--

DROP TABLE IF EXISTS `BLC_OFFER_INFO`;
/*!40101 SET @saved_cs_client     = @@character_set_client */;
/*!40101 SET character_set_client = utf8 */;
CREATE TABLE `BLC_OFFER_INFO` (
  `OFFER_INFO_ID` bigint(20) NOT NULL,
  PRIMARY KEY (`OFFER_INFO_ID`)
) ENGINE=InnoDB DEFAULT CHARSET=latin1;
/*!40101 SET character_set_client = @saved_cs_client */;

--
-- Dumping data for table `BLC_OFFER_INFO`
--

LOCK TABLES `BLC_OFFER_INFO` WRITE;
/*!40000 ALTER TABLE `BLC_OFFER_INFO` DISABLE KEYS */;
/*!40000 ALTER TABLE `BLC_OFFER_INFO` ENABLE KEYS */;
UNLOCK TABLES;

--
-- Table structure for table `BLC_OFFER_INFO_FIELDS`
--

DROP TABLE IF EXISTS `BLC_OFFER_INFO_FIELDS`;
/*!40101 SET @saved_cs_client     = @@character_set_client */;
/*!40101 SET character_set_client = utf8 */;
CREATE TABLE `BLC_OFFER_INFO_FIELDS` (
  `OFFER_INFO_FIELDS_ID` bigint(20) NOT NULL,
  `FIELD_VALUE` varchar(255) DEFAULT NULL,
  `FIELD_NAME` varchar(255) NOT NULL,
  PRIMARY KEY (`OFFER_INFO_FIELDS_ID`,`FIELD_NAME`),
  KEY `FKA901886183AE7237` (`OFFER_INFO_FIELDS_ID`),
  CONSTRAINT `FKA901886183AE7237` FOREIGN KEY (`OFFER_INFO_FIELDS_ID`) REFERENCES `BLC_OFFER_INFO` (`OFFER_INFO_ID`)
) ENGINE=InnoDB DEFAULT CHARSET=latin1;
/*!40101 SET character_set_client = @saved_cs_client */;

--
-- Dumping data for table `BLC_OFFER_INFO_FIELDS`
--

LOCK TABLES `BLC_OFFER_INFO_FIELDS` WRITE;
/*!40000 ALTER TABLE `BLC_OFFER_INFO_FIELDS` DISABLE KEYS */;
/*!40000 ALTER TABLE `BLC_OFFER_INFO_FIELDS` ENABLE KEYS */;
UNLOCK TABLES;

--
-- Table structure for table `BLC_OFFER_ITEM_CRITERIA`
--

DROP TABLE IF EXISTS `BLC_OFFER_ITEM_CRITERIA`;
/*!40101 SET @saved_cs_client     = @@character_set_client */;
/*!40101 SET character_set_client = utf8 */;
CREATE TABLE `BLC_OFFER_ITEM_CRITERIA` (
  `OFFER_ITEM_CRITERIA_ID` bigint(20) NOT NULL,
  `ORDER_ITEM_MATCH_RULE` longtext,
  `QUANTITY` int(11) NOT NULL,
  PRIMARY KEY (`OFFER_ITEM_CRITERIA_ID`)
) ENGINE=InnoDB DEFAULT CHARSET=latin1;
/*!40101 SET character_set_client = @saved_cs_client */;

--
-- Dumping data for table `BLC_OFFER_ITEM_CRITERIA`
--

LOCK TABLES `BLC_OFFER_ITEM_CRITERIA` WRITE;
/*!40000 ALTER TABLE `BLC_OFFER_ITEM_CRITERIA` DISABLE KEYS */;
/*!40000 ALTER TABLE `BLC_OFFER_ITEM_CRITERIA` ENABLE KEYS */;
UNLOCK TABLES;

--
-- Table structure for table `BLC_OFFER_RULE`
--

DROP TABLE IF EXISTS `BLC_OFFER_RULE`;
/*!40101 SET @saved_cs_client     = @@character_set_client */;
/*!40101 SET character_set_client = utf8 */;
CREATE TABLE `BLC_OFFER_RULE` (
  `OFFER_RULE_ID` bigint(20) NOT NULL,
  `MATCH_RULE` longtext,
  PRIMARY KEY (`OFFER_RULE_ID`)
) ENGINE=InnoDB DEFAULT CHARSET=latin1;
/*!40101 SET character_set_client = @saved_cs_client */;

--
-- Dumping data for table `BLC_OFFER_RULE`
--

LOCK TABLES `BLC_OFFER_RULE` WRITE;
/*!40000 ALTER TABLE `BLC_OFFER_RULE` DISABLE KEYS */;
/*!40000 ALTER TABLE `BLC_OFFER_RULE` ENABLE KEYS */;
UNLOCK TABLES;

--
-- Table structure for table `BLC_OFFER_RULE_MAP`
--

DROP TABLE IF EXISTS `BLC_OFFER_RULE_MAP`;
/*!40101 SET @saved_cs_client     = @@character_set_client */;
/*!40101 SET character_set_client = utf8 */;
CREATE TABLE `BLC_OFFER_RULE_MAP` (
  `BLC_OFFER_OFFER_ID` bigint(20) NOT NULL,
  `OFFER_RULE_ID` bigint(20) NOT NULL,
  `MAP_KEY` varchar(255) NOT NULL,
  PRIMARY KEY (`BLC_OFFER_OFFER_ID`,`MAP_KEY`),
  KEY `FKCA468FE2C11A218D` (`OFFER_RULE_ID`),
  KEY `FKCA468FE245C66D1D` (`BLC_OFFER_OFFER_ID`),
  CONSTRAINT `FKCA468FE245C66D1D` FOREIGN KEY (`BLC_OFFER_OFFER_ID`) REFERENCES `BLC_OFFER` (`OFFER_ID`),
  CONSTRAINT `FKCA468FE2C11A218D` FOREIGN KEY (`OFFER_RULE_ID`) REFERENCES `BLC_OFFER_RULE` (`OFFER_RULE_ID`)
) ENGINE=InnoDB DEFAULT CHARSET=latin1;
/*!40101 SET character_set_client = @saved_cs_client */;

--
-- Dumping data for table `BLC_OFFER_RULE_MAP`
--

LOCK TABLES `BLC_OFFER_RULE_MAP` WRITE;
/*!40000 ALTER TABLE `BLC_OFFER_RULE_MAP` DISABLE KEYS */;
/*!40000 ALTER TABLE `BLC_OFFER_RULE_MAP` ENABLE KEYS */;
UNLOCK TABLES;

--
-- Table structure for table `BLC_ORDER`
--

DROP TABLE IF EXISTS `BLC_ORDER`;
/*!40101 SET @saved_cs_client     = @@character_set_client */;
/*!40101 SET character_set_client = utf8 */;
CREATE TABLE `BLC_ORDER` (
  `ORDER_ID` bigint(20) NOT NULL,
  `CREATED_BY` bigint(20) DEFAULT NULL,
  `DATE_CREATED` datetime DEFAULT NULL,
  `DATE_UPDATED` datetime DEFAULT NULL,
  `UPDATED_BY` bigint(20) DEFAULT NULL,
  `EMAIL_ADDRESS` varchar(255) DEFAULT NULL,
  `NAME` varchar(255) DEFAULT NULL,
  `ORDER_NUMBER` varchar(255) DEFAULT NULL,
  `IS_PREVIEW` tinyint(1) DEFAULT NULL,
  `ORDER_STATUS` varchar(255) DEFAULT NULL,
  `ORDER_SUBTOTAL` decimal(19,5) DEFAULT NULL,
  `SUBMIT_DATE` datetime DEFAULT NULL,
  `TAX_OVERRIDE` tinyint(1) DEFAULT NULL,
  `ORDER_TOTAL` decimal(19,5) DEFAULT NULL,
  `TOTAL_SHIPPING` decimal(19,5) DEFAULT NULL,
  `TOTAL_TAX` decimal(19,5) DEFAULT NULL,
  `CURRENCY_CODE` varchar(255) DEFAULT NULL,
  `CUSTOMER_ID` bigint(20) NOT NULL,
  `LOCALE_CODE` varchar(255) DEFAULT NULL,
  PRIMARY KEY (`ORDER_ID`),
  KEY `ORDER_CUSTOMER_INDEX` (`CUSTOMER_ID`),
  KEY `ORDER_EMAIL_INDEX` (`EMAIL_ADDRESS`),
  KEY `ORDER_NAME_INDEX` (`NAME`),
  KEY `ORDER_NUMBER_INDEX` (`ORDER_NUMBER`),
  KEY `ORDER_STATUS_INDEX` (`ORDER_STATUS`),
  KEY `FK8F5B64A83E2FC4F9` (`CURRENCY_CODE`),
  KEY `FK8F5B64A87470F437` (`CUSTOMER_ID`),
  KEY `FK8F5B64A8A1E1C128` (`LOCALE_CODE`),
  CONSTRAINT `FK8F5B64A8A1E1C128` FOREIGN KEY (`LOCALE_CODE`) REFERENCES `BLC_LOCALE` (`LOCALE_CODE`),
  CONSTRAINT `FK8F5B64A83E2FC4F9` FOREIGN KEY (`CURRENCY_CODE`) REFERENCES `BLC_CURRENCY` (`CURRENCY_CODE`),
  CONSTRAINT `FK8F5B64A87470F437` FOREIGN KEY (`CUSTOMER_ID`) REFERENCES `BLC_CUSTOMER` (`CUSTOMER_ID`)
) ENGINE=InnoDB DEFAULT CHARSET=latin1;
/*!40101 SET character_set_client = @saved_cs_client */;

--
-- Dumping data for table `BLC_ORDER`
--

LOCK TABLES `BLC_ORDER` WRITE;
/*!40000 ALTER TABLE `BLC_ORDER` DISABLE KEYS */;
INSERT INTO `BLC_ORDER` VALUES (1,0,'2015-06-19 17:06:16','2015-06-19 17:18:09',100,NULL,NULL,'20150619171809131',NULL,'SUBMITTED',700.00000,'2015-06-19 17:18:09',NULL,700.00000,0.00000,0.00000,'INR',100,'en_US');
/*!40000 ALTER TABLE `BLC_ORDER` ENABLE KEYS */;
UNLOCK TABLES;

--
-- Table structure for table `BLC_ORDER_ADJUSTMENT`
--

DROP TABLE IF EXISTS `BLC_ORDER_ADJUSTMENT`;
/*!40101 SET @saved_cs_client     = @@character_set_client */;
/*!40101 SET character_set_client = utf8 */;
CREATE TABLE `BLC_ORDER_ADJUSTMENT` (
  `ORDER_ADJUSTMENT_ID` bigint(20) NOT NULL,
  `ADJUSTMENT_REASON` varchar(255) NOT NULL,
  `ADJUSTMENT_VALUE` decimal(19,5) NOT NULL,
  `OFFER_ID` bigint(20) NOT NULL,
  `ORDER_ID` bigint(20) DEFAULT NULL,
  PRIMARY KEY (`ORDER_ADJUSTMENT_ID`),
  KEY `ORDERADJUST_OFFER_INDEX` (`OFFER_ID`),
  KEY `ORDERADJUST_ORDER_INDEX` (`ORDER_ID`),
  KEY `FK1E92D164D5F3FAF4` (`OFFER_ID`),
  KEY `FK1E92D16489FE8A02` (`ORDER_ID`),
  CONSTRAINT `FK1E92D16489FE8A02` FOREIGN KEY (`ORDER_ID`) REFERENCES `BLC_ORDER` (`ORDER_ID`),
  CONSTRAINT `FK1E92D164D5F3FAF4` FOREIGN KEY (`OFFER_ID`) REFERENCES `BLC_OFFER` (`OFFER_ID`)
) ENGINE=InnoDB DEFAULT CHARSET=latin1;
/*!40101 SET character_set_client = @saved_cs_client */;

--
-- Dumping data for table `BLC_ORDER_ADJUSTMENT`
--

LOCK TABLES `BLC_ORDER_ADJUSTMENT` WRITE;
/*!40000 ALTER TABLE `BLC_ORDER_ADJUSTMENT` DISABLE KEYS */;
/*!40000 ALTER TABLE `BLC_ORDER_ADJUSTMENT` ENABLE KEYS */;
UNLOCK TABLES;

--
-- Table structure for table `BLC_ORDER_ATTRIBUTE`
--

DROP TABLE IF EXISTS `BLC_ORDER_ATTRIBUTE`;
/*!40101 SET @saved_cs_client     = @@character_set_client */;
/*!40101 SET character_set_client = utf8 */;
CREATE TABLE `BLC_ORDER_ATTRIBUTE` (
  `ORDER_ATTRIBUTE_ID` bigint(20) NOT NULL,
  `NAME` varchar(255) NOT NULL,
  `VALUE` varchar(255) DEFAULT NULL,
  `ORDER_ID` bigint(20) NOT NULL,
  PRIMARY KEY (`ORDER_ATTRIBUTE_ID`),
  KEY `FKB3A467A589FE8A02` (`ORDER_ID`),
  CONSTRAINT `FKB3A467A589FE8A02` FOREIGN KEY (`ORDER_ID`) REFERENCES `BLC_ORDER` (`ORDER_ID`)
) ENGINE=InnoDB DEFAULT CHARSET=latin1;
/*!40101 SET character_set_client = @saved_cs_client */;

--
-- Dumping data for table `BLC_ORDER_ATTRIBUTE`
--

LOCK TABLES `BLC_ORDER_ATTRIBUTE` WRITE;
/*!40000 ALTER TABLE `BLC_ORDER_ATTRIBUTE` DISABLE KEYS */;
/*!40000 ALTER TABLE `BLC_ORDER_ATTRIBUTE` ENABLE KEYS */;
UNLOCK TABLES;

--
-- Table structure for table `BLC_ORDER_ITEM`
--

DROP TABLE IF EXISTS `BLC_ORDER_ITEM`;
/*!40101 SET @saved_cs_client     = @@character_set_client */;
/*!40101 SET character_set_client = utf8 */;
CREATE TABLE `BLC_ORDER_ITEM` (
  `ORDER_ITEM_ID` bigint(20) NOT NULL,
  `DISCOUNTS_ALLOWED` tinyint(1) DEFAULT NULL,
  `ITEM_TAXABLE_FLAG` tinyint(1) DEFAULT NULL,
  `NAME` varchar(255) DEFAULT NULL,
  `ORDER_ITEM_TYPE` varchar(255) DEFAULT NULL,
  `PRICE` decimal(19,5) DEFAULT NULL,
  `QUANTITY` int(11) NOT NULL,
  `RETAIL_PRICE` decimal(19,5) DEFAULT NULL,
  `RETAIL_PRICE_OVERRIDE` tinyint(1) DEFAULT NULL,
  `SALE_PRICE` decimal(19,5) DEFAULT NULL,
  `SALE_PRICE_OVERRIDE` tinyint(1) DEFAULT NULL,
  `TOTAL_TAX` decimal(19,2) DEFAULT NULL,
  `CATEGORY_ID` bigint(20) DEFAULT NULL,
  `GIFT_WRAP_ITEM_ID` bigint(20) DEFAULT NULL,
  `ORDER_ID` bigint(20) DEFAULT NULL,
  `PARENT_ORDER_ITEM_ID` bigint(20) DEFAULT NULL,
  `PERSONAL_MESSAGE_ID` bigint(20) DEFAULT NULL,
  PRIMARY KEY (`ORDER_ITEM_ID`),
  KEY `ORDERITEM_CATEGORY_INDEX` (`CATEGORY_ID`),
  KEY `ORDERITEM_GIFT_INDEX` (`GIFT_WRAP_ITEM_ID`),
  KEY `ORDERITEM_ORDER_INDEX` (`ORDER_ID`),
  KEY `ORDERITEM_TYPE_INDEX` (`ORDER_ITEM_TYPE`),
  KEY `ORDERITEM_PARENT_INDEX` (`PARENT_ORDER_ITEM_ID`),
  KEY `ORDERITEM_MESSAGE_INDEX` (`PERSONAL_MESSAGE_ID`),
  KEY `FK9A2E704A15D1A13D` (`CATEGORY_ID`),
  KEY `FK9A2E704AFD2F1F10` (`GIFT_WRAP_ITEM_ID`),
  KEY `FK9A2E704A89FE8A02` (`ORDER_ID`),
  KEY `FK9A2E704AB0B0D00A` (`PARENT_ORDER_ITEM_ID`),
  KEY `FK9A2E704A77F565E1` (`PERSONAL_MESSAGE_ID`),
  CONSTRAINT `FK9A2E704A77F565E1` FOREIGN KEY (`PERSONAL_MESSAGE_ID`) REFERENCES `BLC_PERSONAL_MESSAGE` (`PERSONAL_MESSAGE_ID`),
  CONSTRAINT `FK9A2E704A15D1A13D` FOREIGN KEY (`CATEGORY_ID`) REFERENCES `BLC_CATEGORY` (`CATEGORY_ID`),
  CONSTRAINT `FK9A2E704A89FE8A02` FOREIGN KEY (`ORDER_ID`) REFERENCES `BLC_ORDER` (`ORDER_ID`),
  CONSTRAINT `FK9A2E704AB0B0D00A` FOREIGN KEY (`PARENT_ORDER_ITEM_ID`) REFERENCES `BLC_ORDER_ITEM` (`ORDER_ITEM_ID`),
  CONSTRAINT `FK9A2E704AFD2F1F10` FOREIGN KEY (`GIFT_WRAP_ITEM_ID`) REFERENCES `BLC_GIFTWRAP_ORDER_ITEM` (`ORDER_ITEM_ID`)
) ENGINE=InnoDB DEFAULT CHARSET=latin1;
/*!40101 SET character_set_client = @saved_cs_client */;

--
-- Dumping data for table `BLC_ORDER_ITEM`
--

LOCK TABLES `BLC_ORDER_ITEM` WRITE;
/*!40000 ALTER TABLE `BLC_ORDER_ITEM` DISABLE KEYS */;
INSERT INTO `BLC_ORDER_ITEM` VALUES (1,NULL,NULL,'xyz light weight wheel chair','org.broadleafcommerce.core.order.domain.DiscreteOrderItem',700.00000,1,1250.00000,NULL,700.00000,NULL,NULL,9958,NULL,1,NULL,NULL);
/*!40000 ALTER TABLE `BLC_ORDER_ITEM` ENABLE KEYS */;
UNLOCK TABLES;

--
-- Table structure for table `BLC_ORDER_ITEM_ADD_ATTR`
--

DROP TABLE IF EXISTS `BLC_ORDER_ITEM_ADD_ATTR`;
/*!40101 SET @saved_cs_client     = @@character_set_client */;
/*!40101 SET character_set_client = utf8 */;
CREATE TABLE `BLC_ORDER_ITEM_ADD_ATTR` (
  `ORDER_ITEM_ID` bigint(20) NOT NULL,
  `VALUE` varchar(255) DEFAULT NULL,
  `NAME` varchar(255) NOT NULL,
  PRIMARY KEY (`ORDER_ITEM_ID`,`NAME`),
  KEY `FKA466AB44B76B9466` (`ORDER_ITEM_ID`),
  CONSTRAINT `FKA466AB44B76B9466` FOREIGN KEY (`ORDER_ITEM_ID`) REFERENCES `BLC_DISCRETE_ORDER_ITEM` (`ORDER_ITEM_ID`)
) ENGINE=InnoDB DEFAULT CHARSET=latin1;
/*!40101 SET character_set_client = @saved_cs_client */;

--
-- Dumping data for table `BLC_ORDER_ITEM_ADD_ATTR`
--

LOCK TABLES `BLC_ORDER_ITEM_ADD_ATTR` WRITE;
/*!40000 ALTER TABLE `BLC_ORDER_ITEM_ADD_ATTR` DISABLE KEYS */;
/*!40000 ALTER TABLE `BLC_ORDER_ITEM_ADD_ATTR` ENABLE KEYS */;
UNLOCK TABLES;

--
-- Table structure for table `BLC_ORDER_ITEM_ADJUSTMENT`
--

DROP TABLE IF EXISTS `BLC_ORDER_ITEM_ADJUSTMENT`;
/*!40101 SET @saved_cs_client     = @@character_set_client */;
/*!40101 SET character_set_client = utf8 */;
CREATE TABLE `BLC_ORDER_ITEM_ADJUSTMENT` (
  `ORDER_ITEM_ADJUSTMENT_ID` bigint(20) NOT NULL,
  `APPLIED_TO_SALE_PRICE` tinyint(1) DEFAULT NULL,
  `ADJUSTMENT_REASON` varchar(255) NOT NULL,
  `ADJUSTMENT_VALUE` decimal(19,5) NOT NULL,
  `OFFER_ID` bigint(20) NOT NULL,
  `ORDER_ITEM_ID` bigint(20) DEFAULT NULL,
  PRIMARY KEY (`ORDER_ITEM_ADJUSTMENT_ID`),
  KEY `OIADJUST_OFFER_INDEX` (`OFFER_ID`),
  KEY `OIADJUST_ITEM_INDEX` (`ORDER_ITEM_ID`),
  KEY `FKA2658C82D5F3FAF4` (`OFFER_ID`),
  KEY `FKA2658C829AF166DF` (`ORDER_ITEM_ID`),
  CONSTRAINT `FKA2658C829AF166DF` FOREIGN KEY (`ORDER_ITEM_ID`) REFERENCES `BLC_ORDER_ITEM` (`ORDER_ITEM_ID`),
  CONSTRAINT `FKA2658C82D5F3FAF4` FOREIGN KEY (`OFFER_ID`) REFERENCES `BLC_OFFER` (`OFFER_ID`)
) ENGINE=InnoDB DEFAULT CHARSET=latin1;
/*!40101 SET character_set_client = @saved_cs_client */;

--
-- Dumping data for table `BLC_ORDER_ITEM_ADJUSTMENT`
--

LOCK TABLES `BLC_ORDER_ITEM_ADJUSTMENT` WRITE;
/*!40000 ALTER TABLE `BLC_ORDER_ITEM_ADJUSTMENT` DISABLE KEYS */;
/*!40000 ALTER TABLE `BLC_ORDER_ITEM_ADJUSTMENT` ENABLE KEYS */;
UNLOCK TABLES;

--
-- Table structure for table `BLC_ORDER_ITEM_ATTRIBUTE`
--

DROP TABLE IF EXISTS `BLC_ORDER_ITEM_ATTRIBUTE`;
/*!40101 SET @saved_cs_client     = @@character_set_client */;
/*!40101 SET character_set_client = utf8 */;
CREATE TABLE `BLC_ORDER_ITEM_ATTRIBUTE` (
  `ORDER_ITEM_ATTRIBUTE_ID` bigint(20) NOT NULL,
  `NAME` varchar(255) NOT NULL,
  `VALUE` varchar(255) NOT NULL,
  `ORDER_ITEM_ID` bigint(20) NOT NULL,
  PRIMARY KEY (`ORDER_ITEM_ATTRIBUTE_ID`),
  KEY `FK9F1ED0C79AF166DF` (`ORDER_ITEM_ID`),
  CONSTRAINT `FK9F1ED0C79AF166DF` FOREIGN KEY (`ORDER_ITEM_ID`) REFERENCES `BLC_ORDER_ITEM` (`ORDER_ITEM_ID`)
) ENGINE=InnoDB DEFAULT CHARSET=latin1;
/*!40101 SET character_set_client = @saved_cs_client */;

--
-- Dumping data for table `BLC_ORDER_ITEM_ATTRIBUTE`
--

LOCK TABLES `BLC_ORDER_ITEM_ATTRIBUTE` WRITE;
/*!40000 ALTER TABLE `BLC_ORDER_ITEM_ATTRIBUTE` DISABLE KEYS */;
/*!40000 ALTER TABLE `BLC_ORDER_ITEM_ATTRIBUTE` ENABLE KEYS */;
UNLOCK TABLES;

--
-- Table structure for table `BLC_ORDER_ITEM_DTL_ADJ`
--

DROP TABLE IF EXISTS `BLC_ORDER_ITEM_DTL_ADJ`;
/*!40101 SET @saved_cs_client     = @@character_set_client */;
/*!40101 SET character_set_client = utf8 */;
CREATE TABLE `BLC_ORDER_ITEM_DTL_ADJ` (
  `ORDER_ITEM_DTL_ADJ_ID` bigint(20) NOT NULL,
  `APPLIED_TO_SALE_PRICE` tinyint(1) DEFAULT NULL,
  `OFFER_NAME` varchar(255) DEFAULT NULL,
  `ADJUSTMENT_REASON` varchar(255) NOT NULL,
  `ADJUSTMENT_VALUE` decimal(19,5) NOT NULL,
  `OFFER_ID` bigint(20) NOT NULL,
  `ORDER_ITEM_PRICE_DTL_ID` bigint(20) DEFAULT NULL,
  PRIMARY KEY (`ORDER_ITEM_DTL_ADJ_ID`),
  KEY `FK85F0248FD5F3FAF4` (`OFFER_ID`),
  KEY `FK85F0248FD4AEA2C0` (`ORDER_ITEM_PRICE_DTL_ID`),
  CONSTRAINT `FK85F0248FD4AEA2C0` FOREIGN KEY (`ORDER_ITEM_PRICE_DTL_ID`) REFERENCES `BLC_ORDER_ITEM_PRICE_DTL` (`ORDER_ITEM_PRICE_DTL_ID`),
  CONSTRAINT `FK85F0248FD5F3FAF4` FOREIGN KEY (`OFFER_ID`) REFERENCES `BLC_OFFER` (`OFFER_ID`)
) ENGINE=InnoDB DEFAULT CHARSET=latin1;
/*!40101 SET character_set_client = @saved_cs_client */;

--
-- Dumping data for table `BLC_ORDER_ITEM_DTL_ADJ`
--

LOCK TABLES `BLC_ORDER_ITEM_DTL_ADJ` WRITE;
/*!40000 ALTER TABLE `BLC_ORDER_ITEM_DTL_ADJ` DISABLE KEYS */;
/*!40000 ALTER TABLE `BLC_ORDER_ITEM_DTL_ADJ` ENABLE KEYS */;
UNLOCK TABLES;

--
-- Table structure for table `BLC_ORDER_ITEM_PRICE_DTL`
--

DROP TABLE IF EXISTS `BLC_ORDER_ITEM_PRICE_DTL`;
/*!40101 SET @saved_cs_client     = @@character_set_client */;
/*!40101 SET character_set_client = utf8 */;
CREATE TABLE `BLC_ORDER_ITEM_PRICE_DTL` (
  `ORDER_ITEM_PRICE_DTL_ID` bigint(20) NOT NULL,
  `QUANTITY` int(11) NOT NULL,
  `USE_SALE_PRICE` tinyint(1) DEFAULT NULL,
  `ORDER_ITEM_ID` bigint(20) DEFAULT NULL,
  PRIMARY KEY (`ORDER_ITEM_PRICE_DTL_ID`),
  KEY `FK1FB64BF19AF166DF` (`ORDER_ITEM_ID`),
  CONSTRAINT `FK1FB64BF19AF166DF` FOREIGN KEY (`ORDER_ITEM_ID`) REFERENCES `BLC_ORDER_ITEM` (`ORDER_ITEM_ID`)
) ENGINE=InnoDB DEFAULT CHARSET=latin1;
/*!40101 SET character_set_client = @saved_cs_client */;

--
-- Dumping data for table `BLC_ORDER_ITEM_PRICE_DTL`
--

LOCK TABLES `BLC_ORDER_ITEM_PRICE_DTL` WRITE;
/*!40000 ALTER TABLE `BLC_ORDER_ITEM_PRICE_DTL` DISABLE KEYS */;
INSERT INTO `BLC_ORDER_ITEM_PRICE_DTL` VALUES (1,1,1,1);
/*!40000 ALTER TABLE `BLC_ORDER_ITEM_PRICE_DTL` ENABLE KEYS */;
UNLOCK TABLES;

--
-- Table structure for table `BLC_ORDER_MULTISHIP_OPTION`
--

DROP TABLE IF EXISTS `BLC_ORDER_MULTISHIP_OPTION`;
/*!40101 SET @saved_cs_client     = @@character_set_client */;
/*!40101 SET character_set_client = utf8 */;
CREATE TABLE `BLC_ORDER_MULTISHIP_OPTION` (
  `ORDER_MULTISHIP_OPTION_ID` bigint(20) NOT NULL,
  `ADDRESS_ID` bigint(20) DEFAULT NULL,
  `FULFILLMENT_OPTION_ID` bigint(20) DEFAULT NULL,
  `ORDER_ID` bigint(20) DEFAULT NULL,
  `ORDER_ITEM_ID` bigint(20) DEFAULT NULL,
  PRIMARY KEY (`ORDER_MULTISHIP_OPTION_ID`),
  KEY `MULTISHIP_OPTION_ORDER_INDEX` (`ORDER_ID`),
  KEY `FKB3D3F7D6C13085DD` (`ADDRESS_ID`),
  KEY `FKB3D3F7D681F34C7F` (`FULFILLMENT_OPTION_ID`),
  KEY `FKB3D3F7D689FE8A02` (`ORDER_ID`),
  KEY `FKB3D3F7D69AF166DF` (`ORDER_ITEM_ID`),
  CONSTRAINT `FKB3D3F7D69AF166DF` FOREIGN KEY (`ORDER_ITEM_ID`) REFERENCES `BLC_ORDER_ITEM` (`ORDER_ITEM_ID`),
  CONSTRAINT `FKB3D3F7D681F34C7F` FOREIGN KEY (`FULFILLMENT_OPTION_ID`) REFERENCES `BLC_FULFILLMENT_OPTION` (`FULFILLMENT_OPTION_ID`),
  CONSTRAINT `FKB3D3F7D689FE8A02` FOREIGN KEY (`ORDER_ID`) REFERENCES `BLC_ORDER` (`ORDER_ID`),
  CONSTRAINT `FKB3D3F7D6C13085DD` FOREIGN KEY (`ADDRESS_ID`) REFERENCES `BLC_ADDRESS` (`ADDRESS_ID`)
) ENGINE=InnoDB DEFAULT CHARSET=latin1;
/*!40101 SET character_set_client = @saved_cs_client */;

--
-- Dumping data for table `BLC_ORDER_MULTISHIP_OPTION`
--

LOCK TABLES `BLC_ORDER_MULTISHIP_OPTION` WRITE;
/*!40000 ALTER TABLE `BLC_ORDER_MULTISHIP_OPTION` DISABLE KEYS */;
/*!40000 ALTER TABLE `BLC_ORDER_MULTISHIP_OPTION` ENABLE KEYS */;
UNLOCK TABLES;

--
-- Table structure for table `BLC_ORDER_OFFER_CODE_XREF`
--

DROP TABLE IF EXISTS `BLC_ORDER_OFFER_CODE_XREF`;
/*!40101 SET @saved_cs_client     = @@character_set_client */;
/*!40101 SET character_set_client = utf8 */;
CREATE TABLE `BLC_ORDER_OFFER_CODE_XREF` (
  `ORDER_ID` bigint(20) NOT NULL,
  `OFFER_CODE_ID` bigint(20) NOT NULL,
  KEY `FKFDF0E8533BB10F6D` (`OFFER_CODE_ID`),
  KEY `FKFDF0E85389FE8A02` (`ORDER_ID`),
  CONSTRAINT `FKFDF0E85389FE8A02` FOREIGN KEY (`ORDER_ID`) REFERENCES `BLC_ORDER` (`ORDER_ID`),
  CONSTRAINT `FKFDF0E8533BB10F6D` FOREIGN KEY (`OFFER_CODE_ID`) REFERENCES `BLC_OFFER_CODE` (`OFFER_CODE_ID`)
) ENGINE=InnoDB DEFAULT CHARSET=latin1;
/*!40101 SET character_set_client = @saved_cs_client */;

--
-- Dumping data for table `BLC_ORDER_OFFER_CODE_XREF`
--

LOCK TABLES `BLC_ORDER_OFFER_CODE_XREF` WRITE;
/*!40000 ALTER TABLE `BLC_ORDER_OFFER_CODE_XREF` DISABLE KEYS */;
/*!40000 ALTER TABLE `BLC_ORDER_OFFER_CODE_XREF` ENABLE KEYS */;
UNLOCK TABLES;

--
-- Table structure for table `BLC_ORDER_PAYMENT`
--

DROP TABLE IF EXISTS `BLC_ORDER_PAYMENT`;
/*!40101 SET @saved_cs_client     = @@character_set_client */;
/*!40101 SET character_set_client = utf8 */;
CREATE TABLE `BLC_ORDER_PAYMENT` (
  `ORDER_PAYMENT_ID` bigint(20) NOT NULL,
  `AMOUNT` decimal(19,5) DEFAULT NULL,
  `ARCHIVED` char(1) DEFAULT NULL,
  `GATEWAY_TYPE` varchar(255) DEFAULT NULL,
  `REFERENCE_NUMBER` varchar(255) DEFAULT NULL,
  `PAYMENT_TYPE` varchar(255) NOT NULL,
  `ADDRESS_ID` bigint(20) DEFAULT NULL,
  `ORDER_ID` bigint(20) DEFAULT NULL,
  PRIMARY KEY (`ORDER_PAYMENT_ID`),
  KEY `ORDERPAYMENT_ADDRESS_INDEX` (`ADDRESS_ID`),
  KEY `ORDERPAYMENT_ORDER_INDEX` (`ORDER_ID`),
  KEY `ORDERPAYMENT_REFERENCE_INDEX` (`REFERENCE_NUMBER`),
  KEY `ORDERPAYMENT_TYPE_INDEX` (`PAYMENT_TYPE`),
  KEY `FK9517A14FC13085DD` (`ADDRESS_ID`),
  KEY `FK9517A14F89FE8A02` (`ORDER_ID`),
  CONSTRAINT `FK9517A14F89FE8A02` FOREIGN KEY (`ORDER_ID`) REFERENCES `BLC_ORDER` (`ORDER_ID`),
  CONSTRAINT `FK9517A14FC13085DD` FOREIGN KEY (`ADDRESS_ID`) REFERENCES `BLC_ADDRESS` (`ADDRESS_ID`)
) ENGINE=InnoDB DEFAULT CHARSET=latin1;
/*!40101 SET character_set_client = @saved_cs_client */;

--
-- Dumping data for table `BLC_ORDER_PAYMENT`
--

LOCK TABLES `BLC_ORDER_PAYMENT` WRITE;
/*!40000 ALTER TABLE `BLC_ORDER_PAYMENT` DISABLE KEYS */;
INSERT INTO `BLC_ORDER_PAYMENT` VALUES (1,700.00000,'N','Passthrough',NULL,'COD',1,1);
/*!40000 ALTER TABLE `BLC_ORDER_PAYMENT` ENABLE KEYS */;
UNLOCK TABLES;

--
-- Table structure for table `BLC_ORDER_PAYMENT_TRANSACTION`
--

DROP TABLE IF EXISTS `BLC_ORDER_PAYMENT_TRANSACTION`;
/*!40101 SET @saved_cs_client     = @@character_set_client */;
/*!40101 SET character_set_client = utf8 */;
CREATE TABLE `BLC_ORDER_PAYMENT_TRANSACTION` (
  `PAYMENT_TRANSACTION_ID` bigint(20) NOT NULL,
  `TRANSACTION_AMOUNT` decimal(19,2) DEFAULT NULL,
  `ARCHIVED` char(1) DEFAULT NULL,
  `CUSTOMER_IP_ADDRESS` varchar(255) DEFAULT NULL,
  `DATE_RECORDED` datetime DEFAULT NULL,
  `RAW_RESPONSE` longtext,
  `SUCCESS` tinyint(1) DEFAULT NULL,
  `TRANSACTION_TYPE` varchar(255) DEFAULT NULL,
  `ORDER_PAYMENT` bigint(20) NOT NULL,
  `PARENT_TRANSACTION` bigint(20) DEFAULT NULL,
  PRIMARY KEY (`PAYMENT_TRANSACTION_ID`),
  KEY `FK86FDE7CE6A69DD9D` (`ORDER_PAYMENT`),
  KEY `FK86FDE7CEE1B66C71` (`PARENT_TRANSACTION`),
  CONSTRAINT `FK86FDE7CEE1B66C71` FOREIGN KEY (`PARENT_TRANSACTION`) REFERENCES `BLC_ORDER_PAYMENT_TRANSACTION` (`PAYMENT_TRANSACTION_ID`),
  CONSTRAINT `FK86FDE7CE6A69DD9D` FOREIGN KEY (`ORDER_PAYMENT`) REFERENCES `BLC_ORDER_PAYMENT` (`ORDER_PAYMENT_ID`)
) ENGINE=InnoDB DEFAULT CHARSET=latin1;
/*!40101 SET character_set_client = @saved_cs_client */;

--
-- Dumping data for table `BLC_ORDER_PAYMENT_TRANSACTION`
--

LOCK TABLES `BLC_ORDER_PAYMENT_TRANSACTION` WRITE;
/*!40000 ALTER TABLE `BLC_ORDER_PAYMENT_TRANSACTION` DISABLE KEYS */;
INSERT INTO `BLC_ORDER_PAYMENT_TRANSACTION` VALUES (1,700.00,'N',NULL,'2015-06-19 17:12:47',NULL,1,'AUTHORIZE_AND_CAPTURE',1,NULL);
/*!40000 ALTER TABLE `BLC_ORDER_PAYMENT_TRANSACTION` ENABLE KEYS */;
UNLOCK TABLES;

--
-- Table structure for table `BLC_PAGE`
--

DROP TABLE IF EXISTS `BLC_PAGE`;
/*!40101 SET @saved_cs_client     = @@character_set_client */;
/*!40101 SET character_set_client = utf8 */;
CREATE TABLE `BLC_PAGE` (
  `PAGE_ID` bigint(20) NOT NULL,
  `CREATED_BY` bigint(20) DEFAULT NULL,
  `DATE_CREATED` datetime DEFAULT NULL,
  `DATE_UPDATED` datetime DEFAULT NULL,
  `UPDATED_BY` bigint(20) DEFAULT NULL,
  `DESCRIPTION` varchar(255) DEFAULT NULL,
  `EXCLUDE_FROM_SITE_MAP` tinyint(1) DEFAULT NULL,
  `FULL_URL` varchar(255) DEFAULT NULL,
  `OFFLINE_FLAG` tinyint(1) DEFAULT NULL,
  `PRIORITY` int(11) DEFAULT NULL,
  `PAGE_TMPLT_ID` bigint(20) DEFAULT NULL,
  PRIMARY KEY (`PAGE_ID`),
  KEY `PAGE_FULL_URL_INDEX` (`FULL_URL`),
  KEY `FKF41BEDD5D49D3961` (`PAGE_TMPLT_ID`),
  CONSTRAINT `FKF41BEDD5D49D3961` FOREIGN KEY (`PAGE_TMPLT_ID`) REFERENCES `BLC_PAGE_TMPLT` (`PAGE_TMPLT_ID`)
) ENGINE=InnoDB DEFAULT CHARSET=latin1;
/*!40101 SET character_set_client = @saved_cs_client */;

--
-- Dumping data for table `BLC_PAGE`
--

LOCK TABLES `BLC_PAGE` WRITE;
/*!40000 ALTER TABLE `BLC_PAGE` DISABLE KEYS */;
INSERT INTO `BLC_PAGE` VALUES (1,NULL,NULL,NULL,NULL,'About Us',NULL,'/about_us',NULL,NULL,1),(2,NULL,NULL,NULL,NULL,'FAQ',NULL,'/faq',NULL,NULL,1),(3,NULL,NULL,NULL,NULL,'New to Hot Sauce',NULL,'/new-to-hot-sauce',NULL,NULL,1),(10,NULL,NULL,NULL,NULL,'Prueba de Contenido',NULL,'/about_us',NULL,NULL,2),(11,NULL,NULL,NULL,NULL,'FAQ',NULL,'/faq',NULL,NULL,2),(13,NULL,NULL,NULL,NULL,'New to Hot Sauce',NULL,'/new-to-hot-sauce',NULL,NULL,2);
/*!40000 ALTER TABLE `BLC_PAGE` ENABLE KEYS */;
UNLOCK TABLES;

--
-- Table structure for table `BLC_PAGE_FLD`
--

DROP TABLE IF EXISTS `BLC_PAGE_FLD`;
/*!40101 SET @saved_cs_client     = @@character_set_client */;
/*!40101 SET character_set_client = utf8 */;
CREATE TABLE `BLC_PAGE_FLD` (
  `PAGE_FLD_ID` bigint(20) NOT NULL,
  `CREATED_BY` bigint(20) DEFAULT NULL,
  `DATE_CREATED` datetime DEFAULT NULL,
  `DATE_UPDATED` datetime DEFAULT NULL,
  `UPDATED_BY` bigint(20) DEFAULT NULL,
  `FLD_KEY` varchar(255) DEFAULT NULL,
  `LOB_VALUE` longtext,
  `VALUE` varchar(255) DEFAULT NULL,
  PRIMARY KEY (`PAGE_FLD_ID`)
) ENGINE=InnoDB DEFAULT CHARSET=latin1;
/*!40101 SET character_set_client = @saved_cs_client */;

--
-- Dumping data for table `BLC_PAGE_FLD`
--

LOCK TABLES `BLC_PAGE_FLD` WRITE;
/*!40000 ALTER TABLE `BLC_PAGE_FLD` DISABLE KEYS */;
INSERT INTO `BLC_PAGE_FLD` VALUES (1,NULL,NULL,NULL,NULL,'body',NULL,'test content'),(2,NULL,NULL,NULL,NULL,'title',NULL,''),(3,NULL,NULL,NULL,NULL,'body',NULL,'<h2 style=\"text-align:center;\">This is an example of a content-managed page.</h2><h4 style=\"text-align:center;\"><a href=\"http://www.broadleafcommerce.com/features/content\">Click Here</a> to see more about Content Management in Broadleaf.</h4>'),(4,NULL,NULL,NULL,NULL,'body',NULL,'<h2 style=\"text-align:center;\">This is an example of a content-managed page.</h2>'),(10,NULL,NULL,NULL,NULL,'body',NULL,'prueba de contenido'),(11,NULL,NULL,NULL,NULL,'title',NULL,'Espa&ntilde;ol G&eacute;nerico'),(12,NULL,NULL,NULL,NULL,'body',NULL,'<h2 style=\"text-align:center;\">Este es un ejemplo de una p&aacute;gina de contenido-manejado.</h2><h4 style=\"text-align:center;\">Haga <a href=\"http://www.broadleafcommerce.com/features/content\">click aqu&iacute;</a> para mas informaci&oacute;n.</h4>'),(13,NULL,NULL,NULL,NULL,'body',NULL,'<h2 style=\"text-align:center;\">Este es un ejemplo de una p&aacute;gina de contenido-manejado.</h2>');
/*!40000 ALTER TABLE `BLC_PAGE_FLD` ENABLE KEYS */;
UNLOCK TABLES;

--
-- Table structure for table `BLC_PAGE_FLD_MAP`
--

DROP TABLE IF EXISTS `BLC_PAGE_FLD_MAP`;
/*!40101 SET @saved_cs_client     = @@character_set_client */;
/*!40101 SET character_set_client = utf8 */;
CREATE TABLE `BLC_PAGE_FLD_MAP` (
  `PAGE_ID` bigint(20) NOT NULL,
  `PAGE_FLD_ID` bigint(20) NOT NULL,
  `MAP_KEY` varchar(255) NOT NULL,
  PRIMARY KEY (`PAGE_ID`,`MAP_KEY`),
  KEY `FKE9EE09515AEDD08A` (`PAGE_FLD_ID`),
  KEY `FKE9EE0951883C2667` (`PAGE_ID`),
  CONSTRAINT `FKE9EE0951883C2667` FOREIGN KEY (`PAGE_ID`) REFERENCES `BLC_PAGE` (`PAGE_ID`),
  CONSTRAINT `FKE9EE09515AEDD08A` FOREIGN KEY (`PAGE_FLD_ID`) REFERENCES `BLC_PAGE_FLD` (`PAGE_FLD_ID`)
) ENGINE=InnoDB DEFAULT CHARSET=latin1;
/*!40101 SET character_set_client = @saved_cs_client */;

--
-- Dumping data for table `BLC_PAGE_FLD_MAP`
--

LOCK TABLES `BLC_PAGE_FLD_MAP` WRITE;
/*!40000 ALTER TABLE `BLC_PAGE_FLD_MAP` DISABLE KEYS */;
INSERT INTO `BLC_PAGE_FLD_MAP` VALUES (1,1,'body'),(1,2,'title'),(2,3,'body'),(3,4,'body'),(10,10,'body'),(10,11,'title'),(11,12,'body'),(13,13,'body');
/*!40000 ALTER TABLE `BLC_PAGE_FLD_MAP` ENABLE KEYS */;
UNLOCK TABLES;

--
-- Table structure for table `BLC_PAGE_ITEM_CRITERIA`
--

DROP TABLE IF EXISTS `BLC_PAGE_ITEM_CRITERIA`;
/*!40101 SET @saved_cs_client     = @@character_set_client */;
/*!40101 SET character_set_client = utf8 */;
CREATE TABLE `BLC_PAGE_ITEM_CRITERIA` (
  `PAGE_ITEM_CRITERIA_ID` bigint(20) NOT NULL,
  `ORDER_ITEM_MATCH_RULE` longtext,
  `QUANTITY` int(11) NOT NULL,
  PRIMARY KEY (`PAGE_ITEM_CRITERIA_ID`)
) ENGINE=InnoDB DEFAULT CHARSET=latin1;
/*!40101 SET character_set_client = @saved_cs_client */;

--
-- Dumping data for table `BLC_PAGE_ITEM_CRITERIA`
--

LOCK TABLES `BLC_PAGE_ITEM_CRITERIA` WRITE;
/*!40000 ALTER TABLE `BLC_PAGE_ITEM_CRITERIA` DISABLE KEYS */;
/*!40000 ALTER TABLE `BLC_PAGE_ITEM_CRITERIA` ENABLE KEYS */;
UNLOCK TABLES;

--
-- Table structure for table `BLC_PAGE_RULE`
--

DROP TABLE IF EXISTS `BLC_PAGE_RULE`;
/*!40101 SET @saved_cs_client     = @@character_set_client */;
/*!40101 SET character_set_client = utf8 */;
CREATE TABLE `BLC_PAGE_RULE` (
  `PAGE_RULE_ID` bigint(20) NOT NULL,
  `MATCH_RULE` longtext,
  PRIMARY KEY (`PAGE_RULE_ID`)
) ENGINE=InnoDB DEFAULT CHARSET=latin1;
/*!40101 SET character_set_client = @saved_cs_client */;

--
-- Dumping data for table `BLC_PAGE_RULE`
--

LOCK TABLES `BLC_PAGE_RULE` WRITE;
/*!40000 ALTER TABLE `BLC_PAGE_RULE` DISABLE KEYS */;
/*!40000 ALTER TABLE `BLC_PAGE_RULE` ENABLE KEYS */;
UNLOCK TABLES;

--
-- Table structure for table `BLC_PAGE_RULE_MAP`
--

DROP TABLE IF EXISTS `BLC_PAGE_RULE_MAP`;
/*!40101 SET @saved_cs_client     = @@character_set_client */;
/*!40101 SET character_set_client = utf8 */;
CREATE TABLE `BLC_PAGE_RULE_MAP` (
  `BLC_PAGE_PAGE_ID` bigint(20) NOT NULL,
  `PAGE_RULE_ID` bigint(20) NOT NULL,
  `MAP_KEY` varchar(255) NOT NULL,
  PRIMARY KEY (`BLC_PAGE_PAGE_ID`,`MAP_KEY`),
  KEY `FK1ABA0CA336D91846` (`PAGE_RULE_ID`),
  KEY `FK1ABA0CA3C38455DD` (`BLC_PAGE_PAGE_ID`),
  CONSTRAINT `FK1ABA0CA3C38455DD` FOREIGN KEY (`BLC_PAGE_PAGE_ID`) REFERENCES `BLC_PAGE` (`PAGE_ID`),
  CONSTRAINT `FK1ABA0CA336D91846` FOREIGN KEY (`PAGE_RULE_ID`) REFERENCES `BLC_PAGE_RULE` (`PAGE_RULE_ID`)
) ENGINE=InnoDB DEFAULT CHARSET=latin1;
/*!40101 SET character_set_client = @saved_cs_client */;

--
-- Dumping data for table `BLC_PAGE_RULE_MAP`
--

LOCK TABLES `BLC_PAGE_RULE_MAP` WRITE;
/*!40000 ALTER TABLE `BLC_PAGE_RULE_MAP` DISABLE KEYS */;
/*!40000 ALTER TABLE `BLC_PAGE_RULE_MAP` ENABLE KEYS */;
UNLOCK TABLES;

--
-- Table structure for table `BLC_PAGE_TMPLT`
--

DROP TABLE IF EXISTS `BLC_PAGE_TMPLT`;
/*!40101 SET @saved_cs_client     = @@character_set_client */;
/*!40101 SET character_set_client = utf8 */;
CREATE TABLE `BLC_PAGE_TMPLT` (
  `PAGE_TMPLT_ID` bigint(20) NOT NULL,
  `TMPLT_DESCR` varchar(255) DEFAULT NULL,
  `TMPLT_NAME` varchar(255) DEFAULT NULL,
  `TMPLT_PATH` varchar(255) DEFAULT NULL,
  `LOCALE_CODE` varchar(255) DEFAULT NULL,
  PRIMARY KEY (`PAGE_TMPLT_ID`),
  KEY `FK325C9D5A1E1C128` (`LOCALE_CODE`),
  CONSTRAINT `FK325C9D5A1E1C128` FOREIGN KEY (`LOCALE_CODE`) REFERENCES `BLC_LOCALE` (`LOCALE_CODE`)
) ENGINE=InnoDB DEFAULT CHARSET=latin1;
/*!40101 SET character_set_client = @saved_cs_client */;

--
-- Dumping data for table `BLC_PAGE_TMPLT`
--

LOCK TABLES `BLC_PAGE_TMPLT` WRITE;
/*!40000 ALTER TABLE `BLC_PAGE_TMPLT` DISABLE KEYS */;
INSERT INTO `BLC_PAGE_TMPLT` VALUES (-3,'Outputs the body field.','NONE','NONE',NULL),(1,'Provides a basic layout with header and footer surrounding the content and title.','Default Template','/content/default',NULL),(2,'This template provides a basic layout with header and footer surrounding the content and title.','Basic Spanish Template','/content/default','es');
/*!40000 ALTER TABLE `BLC_PAGE_TMPLT` ENABLE KEYS */;
UNLOCK TABLES;

--
-- Table structure for table `BLC_PAYMENT_LOG`
--

DROP TABLE IF EXISTS `BLC_PAYMENT_LOG`;
/*!40101 SET @saved_cs_client     = @@character_set_client */;
/*!40101 SET character_set_client = utf8 */;
CREATE TABLE `BLC_PAYMENT_LOG` (
  `PAYMENT_LOG_ID` bigint(20) NOT NULL,
  `AMOUNT_PAID` decimal(19,5) DEFAULT NULL,
  `EXCEPTION_MESSAGE` varchar(255) DEFAULT NULL,
  `LOG_TYPE` varchar(255) NOT NULL,
  `ORDER_PAYMENT_ID` bigint(20) DEFAULT NULL,
  `ORDER_PAYMENT_REF_NUM` varchar(255) DEFAULT NULL,
  `TRANSACTION_SUCCESS` tinyint(1) DEFAULT NULL,
  `TRANSACTION_TIMESTAMP` datetime NOT NULL,
  `TRANSACTION_TYPE` varchar(255) NOT NULL,
  `USER_NAME` varchar(255) NOT NULL,
  `CURRENCY_CODE` varchar(255) DEFAULT NULL,
  `CUSTOMER_ID` bigint(20) DEFAULT NULL,
  PRIMARY KEY (`PAYMENT_LOG_ID`),
  KEY `PAYMENTLOG_CUSTOMER_INDEX` (`CUSTOMER_ID`),
  KEY `PAYMENTLOG_LOGTYPE_INDEX` (`LOG_TYPE`),
  KEY `PAYMENTLOG_ORDERPAYMENT_INDEX` (`ORDER_PAYMENT_ID`),
  KEY `PAYMENTLOG_REFERENCE_INDEX` (`ORDER_PAYMENT_REF_NUM`),
  KEY `PAYMENTLOG_TRANTYPE_INDEX` (`TRANSACTION_TYPE`),
  KEY `PAYMENTLOG_USER_INDEX` (`USER_NAME`),
  KEY `FKA43703453E2FC4F9` (`CURRENCY_CODE`),
  KEY `FKA43703457470F437` (`CUSTOMER_ID`),
  CONSTRAINT `FKA43703457470F437` FOREIGN KEY (`CUSTOMER_ID`) REFERENCES `BLC_CUSTOMER` (`CUSTOMER_ID`),
  CONSTRAINT `FKA43703453E2FC4F9` FOREIGN KEY (`CURRENCY_CODE`) REFERENCES `BLC_CURRENCY` (`CURRENCY_CODE`)
) ENGINE=InnoDB DEFAULT CHARSET=latin1;
/*!40101 SET character_set_client = @saved_cs_client */;

--
-- Dumping data for table `BLC_PAYMENT_LOG`
--

LOCK TABLES `BLC_PAYMENT_LOG` WRITE;
/*!40000 ALTER TABLE `BLC_PAYMENT_LOG` DISABLE KEYS */;
/*!40000 ALTER TABLE `BLC_PAYMENT_LOG` ENABLE KEYS */;
UNLOCK TABLES;

--
-- Table structure for table `BLC_PERSONAL_MESSAGE`
--

DROP TABLE IF EXISTS `BLC_PERSONAL_MESSAGE`;
/*!40101 SET @saved_cs_client     = @@character_set_client */;
/*!40101 SET character_set_client = utf8 */;
CREATE TABLE `BLC_PERSONAL_MESSAGE` (
  `PERSONAL_MESSAGE_ID` bigint(20) NOT NULL,
  `MESSAGE` varchar(255) DEFAULT NULL,
  `MESSAGE_FROM` varchar(255) DEFAULT NULL,
  `MESSAGE_TO` varchar(255) DEFAULT NULL,
  `OCCASION` varchar(255) DEFAULT NULL,
  PRIMARY KEY (`PERSONAL_MESSAGE_ID`)
) ENGINE=InnoDB DEFAULT CHARSET=latin1;
/*!40101 SET character_set_client = @saved_cs_client */;

--
-- Dumping data for table `BLC_PERSONAL_MESSAGE`
--

LOCK TABLES `BLC_PERSONAL_MESSAGE` WRITE;
/*!40000 ALTER TABLE `BLC_PERSONAL_MESSAGE` DISABLE KEYS */;
/*!40000 ALTER TABLE `BLC_PERSONAL_MESSAGE` ENABLE KEYS */;
UNLOCK TABLES;

--
-- Table structure for table `BLC_PGTMPLT_FLDGRP_XREF`
--

DROP TABLE IF EXISTS `BLC_PGTMPLT_FLDGRP_XREF`;
/*!40101 SET @saved_cs_client     = @@character_set_client */;
/*!40101 SET character_set_client = utf8 */;
CREATE TABLE `BLC_PGTMPLT_FLDGRP_XREF` (
  `PAGE_TMPLT_ID` bigint(20) NOT NULL,
  `FLD_GROUP_ID` bigint(20) NOT NULL,
  `GROUP_ORDER` int(11) NOT NULL,
  PRIMARY KEY (`PAGE_TMPLT_ID`,`GROUP_ORDER`),
  KEY `FK99D625F66A79BDB5` (`FLD_GROUP_ID`),
  KEY `FK99D625F6D49D3961` (`PAGE_TMPLT_ID`),
  CONSTRAINT `FK99D625F6D49D3961` FOREIGN KEY (`PAGE_TMPLT_ID`) REFERENCES `BLC_PAGE_TMPLT` (`PAGE_TMPLT_ID`),
  CONSTRAINT `FK99D625F66A79BDB5` FOREIGN KEY (`FLD_GROUP_ID`) REFERENCES `BLC_FLD_GROUP` (`FLD_GROUP_ID`)
) ENGINE=InnoDB DEFAULT CHARSET=latin1;
/*!40101 SET character_set_client = @saved_cs_client */;

--
-- Dumping data for table `BLC_PGTMPLT_FLDGRP_XREF`
--

LOCK TABLES `BLC_PGTMPLT_FLDGRP_XREF` WRITE;
/*!40000 ALTER TABLE `BLC_PGTMPLT_FLDGRP_XREF` DISABLE KEYS */;
INSERT INTO `BLC_PGTMPLT_FLDGRP_XREF` VALUES (-3,-3,0),(1,1,0),(2,1,0);
/*!40000 ALTER TABLE `BLC_PGTMPLT_FLDGRP_XREF` ENABLE KEYS */;
UNLOCK TABLES;

--
-- Table structure for table `BLC_PHONE`
--

DROP TABLE IF EXISTS `BLC_PHONE`;
/*!40101 SET @saved_cs_client     = @@character_set_client */;
/*!40101 SET character_set_client = utf8 */;
CREATE TABLE `BLC_PHONE` (
  `PHONE_ID` bigint(20) NOT NULL,
  `IS_ACTIVE` tinyint(1) DEFAULT NULL,
  `IS_DEFAULT` tinyint(1) DEFAULT NULL,
  `PHONE_NUMBER` varchar(255) NOT NULL,
  PRIMARY KEY (`PHONE_ID`)
) ENGINE=InnoDB DEFAULT CHARSET=latin1;
/*!40101 SET character_set_client = @saved_cs_client */;

--
-- Dumping data for table `BLC_PHONE`
--

LOCK TABLES `BLC_PHONE` WRITE;
/*!40000 ALTER TABLE `BLC_PHONE` DISABLE KEYS */;
INSERT INTO `BLC_PHONE` VALUES (1,1,0,'919874563210'),(2,1,0,'919874563210'),(3,1,0,'919874563210'),(4,1,0,'919874563210'),(5,1,0,'919874563210'),(6,1,0,'919874563210');
/*!40000 ALTER TABLE `BLC_PHONE` ENABLE KEYS */;
UNLOCK TABLES;

--
-- Table structure for table `BLC_PRODUCT`
--

DROP TABLE IF EXISTS `BLC_PRODUCT`;
/*!40101 SET @saved_cs_client     = @@character_set_client */;
/*!40101 SET character_set_client = utf8 */;
CREATE TABLE `BLC_PRODUCT` (
  `PRODUCT_ID` bigint(20) NOT NULL,
  `ARCHIVED` char(1) DEFAULT NULL,
  `CAN_SELL_WITHOUT_OPTIONS` tinyint(1) DEFAULT NULL,
  `DISPLAY_TEMPLATE` varchar(255) DEFAULT NULL,
  `IS_FEATURED_PRODUCT` tinyint(1) NOT NULL,
  `MANUFACTURE` varchar(255) DEFAULT NULL,
  `MODEL` varchar(255) DEFAULT NULL,
  `URL` varchar(255) DEFAULT NULL,
  `URL_KEY` varchar(255) DEFAULT NULL,
  `DEFAULT_CATEGORY_ID` bigint(20) DEFAULT NULL,
  `DEFAULT_SKU_ID` bigint(20) DEFAULT NULL,
  PRIMARY KEY (`PRODUCT_ID`),
  KEY `PRODUCT_CATEGORY_INDEX` (`DEFAULT_CATEGORY_ID`),
  KEY `PRODUCT_URL_INDEX` (`URL`,`URL_KEY`),
  KEY `FK5B95B7C9DF057C3F` (`DEFAULT_CATEGORY_ID`),
  KEY `FK5B95B7C96D386535` (`DEFAULT_SKU_ID`),
  CONSTRAINT `FK5B95B7C96D386535` FOREIGN KEY (`DEFAULT_SKU_ID`) REFERENCES `BLC_SKU` (`SKU_ID`),
  CONSTRAINT `FK5B95B7C9DF057C3F` FOREIGN KEY (`DEFAULT_CATEGORY_ID`) REFERENCES `BLC_CATEGORY` (`CATEGORY_ID`)
) ENGINE=InnoDB DEFAULT CHARSET=latin1;
/*!40101 SET character_set_client = @saved_cs_client */;

--
-- Dumping data for table `BLC_PRODUCT`
--

LOCK TABLES `BLC_PRODUCT` WRITE;
/*!40000 ALTER TABLE `BLC_PRODUCT` DISABLE KEYS */;
INSERT INTO `BLC_PRODUCT` VALUES (9954,'N',0,NULL,0,'Kosmos',NULL,'/wheel-chair',NULL,9958,9955),(9955,'N',0,NULL,0,'Tellus',NULL,'/commode-chair',NULL,9961,9956),(9956,'N',0,NULL,0,'One Touch',NULL,'/ultra-easy',NULL,9959,9957),(9957,'N',0,NULL,0,'Abc',NULL,'/nail-clipping',NULL,9960,9958);
/*!40000 ALTER TABLE `BLC_PRODUCT` ENABLE KEYS */;
UNLOCK TABLES;

--
-- Table structure for table `BLC_PRODUCT_ATTRIBUTE`
--

DROP TABLE IF EXISTS `BLC_PRODUCT_ATTRIBUTE`;
/*!40101 SET @saved_cs_client     = @@character_set_client */;
/*!40101 SET character_set_client = utf8 */;
CREATE TABLE `BLC_PRODUCT_ATTRIBUTE` (
  `PRODUCT_ATTRIBUTE_ID` bigint(20) NOT NULL,
  `NAME` varchar(255) NOT NULL,
  `SEARCHABLE` tinyint(1) DEFAULT NULL,
  `VALUE` varchar(255) DEFAULT NULL,
  `PRODUCT_ID` bigint(20) NOT NULL,
  PRIMARY KEY (`PRODUCT_ATTRIBUTE_ID`),
  KEY `PRODUCTATTRIBUTE_NAME_INDEX` (`NAME`),
  KEY `PRODUCTATTRIBUTE_INDEX` (`PRODUCT_ID`),
  KEY `FK56CE05865F11A0B7` (`PRODUCT_ID`),
  CONSTRAINT `FK56CE05865F11A0B7` FOREIGN KEY (`PRODUCT_ID`) REFERENCES `BLC_PRODUCT` (`PRODUCT_ID`)
) ENGINE=InnoDB DEFAULT CHARSET=latin1;
/*!40101 SET character_set_client = @saved_cs_client */;

--
-- Dumping data for table `BLC_PRODUCT_ATTRIBUTE`
--

LOCK TABLES `BLC_PRODUCT_ATTRIBUTE` WRITE;
/*!40000 ALTER TABLE `BLC_PRODUCT_ATTRIBUTE` DISABLE KEYS */;
/*!40000 ALTER TABLE `BLC_PRODUCT_ATTRIBUTE` ENABLE KEYS */;
UNLOCK TABLES;

--
-- Table structure for table `BLC_PRODUCT_BUNDLE`
--

DROP TABLE IF EXISTS `BLC_PRODUCT_BUNDLE`;
/*!40101 SET @saved_cs_client     = @@character_set_client */;
/*!40101 SET character_set_client = utf8 */;
CREATE TABLE `BLC_PRODUCT_BUNDLE` (
  `AUTO_BUNDLE` tinyint(1) DEFAULT NULL,
  `BUNDLE_PROMOTABLE` tinyint(1) DEFAULT NULL,
  `ITEMS_PROMOTABLE` tinyint(1) DEFAULT NULL,
  `PRICING_MODEL` varchar(255) DEFAULT NULL,
  `BUNDLE_PRIORITY` int(11) DEFAULT NULL,
  `PRODUCT_ID` bigint(20) NOT NULL,
  PRIMARY KEY (`PRODUCT_ID`),
  KEY `FK8CC5B85F11A0B7` (`PRODUCT_ID`),
  CONSTRAINT `FK8CC5B85F11A0B7` FOREIGN KEY (`PRODUCT_ID`) REFERENCES `BLC_PRODUCT` (`PRODUCT_ID`)
) ENGINE=InnoDB DEFAULT CHARSET=latin1;
/*!40101 SET character_set_client = @saved_cs_client */;

--
-- Dumping data for table `BLC_PRODUCT_BUNDLE`
--

LOCK TABLES `BLC_PRODUCT_BUNDLE` WRITE;
/*!40000 ALTER TABLE `BLC_PRODUCT_BUNDLE` DISABLE KEYS */;
/*!40000 ALTER TABLE `BLC_PRODUCT_BUNDLE` ENABLE KEYS */;
UNLOCK TABLES;

--
-- Table structure for table `BLC_PRODUCT_CROSS_SALE`
--

DROP TABLE IF EXISTS `BLC_PRODUCT_CROSS_SALE`;
/*!40101 SET @saved_cs_client     = @@character_set_client */;
/*!40101 SET character_set_client = utf8 */;
CREATE TABLE `BLC_PRODUCT_CROSS_SALE` (
  `CROSS_SALE_PRODUCT_ID` bigint(20) NOT NULL,
  `PROMOTION_MESSAGE` varchar(255) DEFAULT NULL,
  `SEQUENCE` decimal(10,6) DEFAULT NULL,
  `CATEGORY_ID` bigint(20) DEFAULT NULL,
  `PRODUCT_ID` bigint(20) DEFAULT NULL,
  `RELATED_SALE_PRODUCT_ID` bigint(20) NOT NULL,
  PRIMARY KEY (`CROSS_SALE_PRODUCT_ID`),
  KEY `CROSSSALE_CATEGORY_INDEX` (`CATEGORY_ID`),
  KEY `CROSSSALE_INDEX` (`PRODUCT_ID`),
  KEY `CROSSSALE_RELATED_INDEX` (`RELATED_SALE_PRODUCT_ID`),
  KEY `FK8324FB3C15D1A13D` (`CATEGORY_ID`),
  KEY `FK8324FB3C5F11A0B7` (`PRODUCT_ID`),
  KEY `FK8324FB3C62D84F9B` (`RELATED_SALE_PRODUCT_ID`),
  CONSTRAINT `FK8324FB3C62D84F9B` FOREIGN KEY (`RELATED_SALE_PRODUCT_ID`) REFERENCES `BLC_PRODUCT` (`PRODUCT_ID`),
  CONSTRAINT `FK8324FB3C15D1A13D` FOREIGN KEY (`CATEGORY_ID`) REFERENCES `BLC_CATEGORY` (`CATEGORY_ID`),
  CONSTRAINT `FK8324FB3C5F11A0B7` FOREIGN KEY (`PRODUCT_ID`) REFERENCES `BLC_PRODUCT` (`PRODUCT_ID`)
) ENGINE=InnoDB DEFAULT CHARSET=latin1;
/*!40101 SET character_set_client = @saved_cs_client */;

--
-- Dumping data for table `BLC_PRODUCT_CROSS_SALE`
--

LOCK TABLES `BLC_PRODUCT_CROSS_SALE` WRITE;
/*!40000 ALTER TABLE `BLC_PRODUCT_CROSS_SALE` DISABLE KEYS */;
/*!40000 ALTER TABLE `BLC_PRODUCT_CROSS_SALE` ENABLE KEYS */;
UNLOCK TABLES;

--
-- Table structure for table `BLC_PRODUCT_FEATURED`
--

DROP TABLE IF EXISTS `BLC_PRODUCT_FEATURED`;
/*!40101 SET @saved_cs_client     = @@character_set_client */;
/*!40101 SET character_set_client = utf8 */;
CREATE TABLE `BLC_PRODUCT_FEATURED` (
  `FEATURED_PRODUCT_ID` bigint(20) NOT NULL,
  `PROMOTION_MESSAGE` varchar(255) DEFAULT NULL,
  `SEQUENCE` decimal(10,6) DEFAULT NULL,
  `CATEGORY_ID` bigint(20) DEFAULT NULL,
  `PRODUCT_ID` bigint(20) DEFAULT NULL,
  PRIMARY KEY (`FEATURED_PRODUCT_ID`),
  KEY `PRODFEATURED_CATEGORY_INDEX` (`CATEGORY_ID`),
  KEY `PRODFEATURED_PRODUCT_INDEX` (`PRODUCT_ID`),
  KEY `FK4C49FFE415D1A13D` (`CATEGORY_ID`),
  KEY `FK4C49FFE45F11A0B7` (`PRODUCT_ID`),
  CONSTRAINT `FK4C49FFE45F11A0B7` FOREIGN KEY (`PRODUCT_ID`) REFERENCES `BLC_PRODUCT` (`PRODUCT_ID`),
  CONSTRAINT `FK4C49FFE415D1A13D` FOREIGN KEY (`CATEGORY_ID`) REFERENCES `BLC_CATEGORY` (`CATEGORY_ID`)
) ENGINE=InnoDB DEFAULT CHARSET=latin1;
/*!40101 SET character_set_client = @saved_cs_client */;

--
-- Dumping data for table `BLC_PRODUCT_FEATURED`
--

LOCK TABLES `BLC_PRODUCT_FEATURED` WRITE;
/*!40000 ALTER TABLE `BLC_PRODUCT_FEATURED` DISABLE KEYS */;
/*!40000 ALTER TABLE `BLC_PRODUCT_FEATURED` ENABLE KEYS */;
UNLOCK TABLES;

--
-- Table structure for table `BLC_PRODUCT_OPTION`
--

DROP TABLE IF EXISTS `BLC_PRODUCT_OPTION`;
/*!40101 SET @saved_cs_client     = @@character_set_client */;
/*!40101 SET character_set_client = utf8 */;
CREATE TABLE `BLC_PRODUCT_OPTION` (
  `PRODUCT_OPTION_ID` bigint(20) NOT NULL,
  `ATTRIBUTE_NAME` varchar(255) DEFAULT NULL,
  `DISPLAY_ORDER` int(11) DEFAULT NULL,
  `ERROR_CODE` varchar(255) DEFAULT NULL,
  `ERROR_MESSAGE` varchar(255) DEFAULT NULL,
  `LABEL` varchar(255) DEFAULT NULL,
  `VALIDATION_STRATEGY_TYPE` varchar(255) DEFAULT NULL,
  `VALIDATION_TYPE` varchar(255) DEFAULT NULL,
  `REQUIRED` tinyint(1) DEFAULT NULL,
  `OPTION_TYPE` varchar(255) DEFAULT NULL,
  `USE_IN_SKU_GENERATION` tinyint(1) DEFAULT NULL,
  `VALIDATION_STRING` varchar(255) DEFAULT NULL,
  PRIMARY KEY (`PRODUCT_OPTION_ID`)
) ENGINE=InnoDB DEFAULT CHARSET=latin1;
/*!40101 SET character_set_client = @saved_cs_client */;

--
-- Dumping data for table `BLC_PRODUCT_OPTION`
--

LOCK TABLES `BLC_PRODUCT_OPTION` WRITE;
/*!40000 ALTER TABLE `BLC_PRODUCT_OPTION` DISABLE KEYS */;
/*!40000 ALTER TABLE `BLC_PRODUCT_OPTION` ENABLE KEYS */;
UNLOCK TABLES;

--
-- Table structure for table `BLC_PRODUCT_OPTION_VALUE`
--

DROP TABLE IF EXISTS `BLC_PRODUCT_OPTION_VALUE`;
/*!40101 SET @saved_cs_client     = @@character_set_client */;
/*!40101 SET character_set_client = utf8 */;
CREATE TABLE `BLC_PRODUCT_OPTION_VALUE` (
  `PRODUCT_OPTION_VALUE_ID` bigint(20) NOT NULL,
  `ATTRIBUTE_VALUE` varchar(255) DEFAULT NULL,
  `DISPLAY_ORDER` bigint(20) DEFAULT NULL,
  `PRICE_ADJUSTMENT` decimal(19,5) DEFAULT NULL,
  `PRODUCT_OPTION_ID` bigint(20) DEFAULT NULL,
  PRIMARY KEY (`PRODUCT_OPTION_VALUE_ID`),
  KEY `FK6DEEEDBD92EA8136` (`PRODUCT_OPTION_ID`),
  CONSTRAINT `FK6DEEEDBD92EA8136` FOREIGN KEY (`PRODUCT_OPTION_ID`) REFERENCES `BLC_PRODUCT_OPTION` (`PRODUCT_OPTION_ID`)
) ENGINE=InnoDB DEFAULT CHARSET=latin1;
/*!40101 SET character_set_client = @saved_cs_client */;

--
-- Dumping data for table `BLC_PRODUCT_OPTION_VALUE`
--

LOCK TABLES `BLC_PRODUCT_OPTION_VALUE` WRITE;
/*!40000 ALTER TABLE `BLC_PRODUCT_OPTION_VALUE` DISABLE KEYS */;
/*!40000 ALTER TABLE `BLC_PRODUCT_OPTION_VALUE` ENABLE KEYS */;
UNLOCK TABLES;

--
-- Table structure for table `BLC_PRODUCT_OPTION_XREF`
--

DROP TABLE IF EXISTS `BLC_PRODUCT_OPTION_XREF`;
/*!40101 SET @saved_cs_client     = @@character_set_client */;
/*!40101 SET character_set_client = utf8 */;
CREATE TABLE `BLC_PRODUCT_OPTION_XREF` (
  `PRODUCT_OPTION_XREF_ID` bigint(20) NOT NULL,
  `PRODUCT_ID` bigint(20) NOT NULL,
  `PRODUCT_OPTION_ID` bigint(20) NOT NULL,
  PRIMARY KEY (`PRODUCT_OPTION_XREF_ID`),
  KEY `FKDA42AB2F5F11A0B7` (`PRODUCT_ID`),
  KEY `FKDA42AB2F92EA8136` (`PRODUCT_OPTION_ID`),
  CONSTRAINT `FKDA42AB2F92EA8136` FOREIGN KEY (`PRODUCT_OPTION_ID`) REFERENCES `BLC_PRODUCT_OPTION` (`PRODUCT_OPTION_ID`),
  CONSTRAINT `FKDA42AB2F5F11A0B7` FOREIGN KEY (`PRODUCT_ID`) REFERENCES `BLC_PRODUCT` (`PRODUCT_ID`)
) ENGINE=InnoDB DEFAULT CHARSET=latin1;
/*!40101 SET character_set_client = @saved_cs_client */;

--
-- Dumping data for table `BLC_PRODUCT_OPTION_XREF`
--

LOCK TABLES `BLC_PRODUCT_OPTION_XREF` WRITE;
/*!40000 ALTER TABLE `BLC_PRODUCT_OPTION_XREF` DISABLE KEYS */;
/*!40000 ALTER TABLE `BLC_PRODUCT_OPTION_XREF` ENABLE KEYS */;
UNLOCK TABLES;

--
-- Table structure for table `BLC_PRODUCT_SKU_XREF`
--

DROP TABLE IF EXISTS `BLC_PRODUCT_SKU_XREF`;
/*!40101 SET @saved_cs_client     = @@character_set_client */;
/*!40101 SET character_set_client = utf8 */;
CREATE TABLE `BLC_PRODUCT_SKU_XREF` (
  `PRODUCT_ID` bigint(20) DEFAULT NULL,
  `SKU_ID` bigint(20) NOT NULL,
  PRIMARY KEY (`SKU_ID`),
  KEY `FKF2DBF6D35F11A0B7` (`PRODUCT_ID`),
  KEY `FKF2DBF6D3B78C9977` (`SKU_ID`),
  CONSTRAINT `FKF2DBF6D3B78C9977` FOREIGN KEY (`SKU_ID`) REFERENCES `BLC_SKU` (`SKU_ID`),
  CONSTRAINT `FKF2DBF6D35F11A0B7` FOREIGN KEY (`PRODUCT_ID`) REFERENCES `BLC_PRODUCT` (`PRODUCT_ID`)
) ENGINE=InnoDB DEFAULT CHARSET=latin1;
/*!40101 SET character_set_client = @saved_cs_client */;

--
-- Dumping data for table `BLC_PRODUCT_SKU_XREF`
--

LOCK TABLES `BLC_PRODUCT_SKU_XREF` WRITE;
/*!40000 ALTER TABLE `BLC_PRODUCT_SKU_XREF` DISABLE KEYS */;
/*!40000 ALTER TABLE `BLC_PRODUCT_SKU_XREF` ENABLE KEYS */;
UNLOCK TABLES;

--
-- Table structure for table `BLC_PRODUCT_UP_SALE`
--

DROP TABLE IF EXISTS `BLC_PRODUCT_UP_SALE`;
/*!40101 SET @saved_cs_client     = @@character_set_client */;
/*!40101 SET character_set_client = utf8 */;
CREATE TABLE `BLC_PRODUCT_UP_SALE` (
  `UP_SALE_PRODUCT_ID` bigint(20) NOT NULL,
  `PROMOTION_MESSAGE` varchar(255) DEFAULT NULL,
  `SEQUENCE` decimal(10,6) DEFAULT NULL,
  `CATEGORY_ID` bigint(20) DEFAULT NULL,
  `PRODUCT_ID` bigint(20) DEFAULT NULL,
  `RELATED_SALE_PRODUCT_ID` bigint(20) DEFAULT NULL,
  PRIMARY KEY (`UP_SALE_PRODUCT_ID`),
  KEY `UPSALE_CATEGORY_INDEX` (`CATEGORY_ID`),
  KEY `UPSALE_PRODUCT_INDEX` (`PRODUCT_ID`),
  KEY `UPSALE_RELATED_INDEX` (`RELATED_SALE_PRODUCT_ID`),
  KEY `FKF69054F515D1A13D` (`CATEGORY_ID`),
  KEY `FKF69054F55F11A0B7` (`PRODUCT_ID`),
  KEY `FKF69054F562D84F9B` (`RELATED_SALE_PRODUCT_ID`),
  CONSTRAINT `FKF69054F562D84F9B` FOREIGN KEY (`RELATED_SALE_PRODUCT_ID`) REFERENCES `BLC_PRODUCT` (`PRODUCT_ID`),
  CONSTRAINT `FKF69054F515D1A13D` FOREIGN KEY (`CATEGORY_ID`) REFERENCES `BLC_CATEGORY` (`CATEGORY_ID`),
  CONSTRAINT `FKF69054F55F11A0B7` FOREIGN KEY (`PRODUCT_ID`) REFERENCES `BLC_PRODUCT` (`PRODUCT_ID`)
) ENGINE=InnoDB DEFAULT CHARSET=latin1;
/*!40101 SET character_set_client = @saved_cs_client */;

--
-- Dumping data for table `BLC_PRODUCT_UP_SALE`
--

LOCK TABLES `BLC_PRODUCT_UP_SALE` WRITE;
/*!40000 ALTER TABLE `BLC_PRODUCT_UP_SALE` DISABLE KEYS */;
/*!40000 ALTER TABLE `BLC_PRODUCT_UP_SALE` ENABLE KEYS */;
UNLOCK TABLES;

--
-- Table structure for table `BLC_QUAL_CRIT_OFFER_XREF`
--

DROP TABLE IF EXISTS `BLC_QUAL_CRIT_OFFER_XREF`;
/*!40101 SET @saved_cs_client     = @@character_set_client */;
/*!40101 SET character_set_client = utf8 */;
CREATE TABLE `BLC_QUAL_CRIT_OFFER_XREF` (
  `OFFER_ID` bigint(20) NOT NULL,
  `OFFER_ITEM_CRITERIA_ID` bigint(20) NOT NULL,
  PRIMARY KEY (`OFFER_ID`,`OFFER_ITEM_CRITERIA_ID`),
  UNIQUE KEY `UK_D592E919E7AB0252` (`OFFER_ITEM_CRITERIA_ID`),
  KEY `FKD592E919D5F3FAF4` (`OFFER_ID`),
  KEY `FKD592E9193615A91A` (`OFFER_ITEM_CRITERIA_ID`),
  CONSTRAINT `FKD592E9193615A91A` FOREIGN KEY (`OFFER_ITEM_CRITERIA_ID`) REFERENCES `BLC_OFFER_ITEM_CRITERIA` (`OFFER_ITEM_CRITERIA_ID`),
  CONSTRAINT `FKD592E919D5F3FAF4` FOREIGN KEY (`OFFER_ID`) REFERENCES `BLC_OFFER` (`OFFER_ID`)
) ENGINE=InnoDB DEFAULT CHARSET=latin1;
/*!40101 SET character_set_client = @saved_cs_client */;

--
-- Dumping data for table `BLC_QUAL_CRIT_OFFER_XREF`
--

LOCK TABLES `BLC_QUAL_CRIT_OFFER_XREF` WRITE;
/*!40000 ALTER TABLE `BLC_QUAL_CRIT_OFFER_XREF` DISABLE KEYS */;
/*!40000 ALTER TABLE `BLC_QUAL_CRIT_OFFER_XREF` ENABLE KEYS */;
UNLOCK TABLES;

--
-- Table structure for table `BLC_QUAL_CRIT_PAGE_XREF`
--

DROP TABLE IF EXISTS `BLC_QUAL_CRIT_PAGE_XREF`;
/*!40101 SET @saved_cs_client     = @@character_set_client */;
/*!40101 SET character_set_client = utf8 */;
CREATE TABLE `BLC_QUAL_CRIT_PAGE_XREF` (
  `PAGE_ID` bigint(20) NOT NULL DEFAULT '0',
  `PAGE_ITEM_CRITERIA_ID` bigint(20) NOT NULL,
  PRIMARY KEY (`PAGE_ID`,`PAGE_ITEM_CRITERIA_ID`),
  UNIQUE KEY `UK_874BE5902B6BC67F` (`PAGE_ITEM_CRITERIA_ID`),
  KEY `FK874BE590883C2667` (`PAGE_ID`),
  KEY `FK874BE590378418CD` (`PAGE_ITEM_CRITERIA_ID`),
  CONSTRAINT `FK874BE590378418CD` FOREIGN KEY (`PAGE_ITEM_CRITERIA_ID`) REFERENCES `BLC_PAGE_ITEM_CRITERIA` (`PAGE_ITEM_CRITERIA_ID`),
  CONSTRAINT `FK874BE590883C2667` FOREIGN KEY (`PAGE_ID`) REFERENCES `BLC_PAGE` (`PAGE_ID`)
) ENGINE=InnoDB DEFAULT CHARSET=latin1;
/*!40101 SET character_set_client = @saved_cs_client */;

--
-- Dumping data for table `BLC_QUAL_CRIT_PAGE_XREF`
--

LOCK TABLES `BLC_QUAL_CRIT_PAGE_XREF` WRITE;
/*!40000 ALTER TABLE `BLC_QUAL_CRIT_PAGE_XREF` DISABLE KEYS */;
/*!40000 ALTER TABLE `BLC_QUAL_CRIT_PAGE_XREF` ENABLE KEYS */;
UNLOCK TABLES;

--
-- Table structure for table `BLC_QUAL_CRIT_SC_XREF`
--

DROP TABLE IF EXISTS `BLC_QUAL_CRIT_SC_XREF`;
/*!40101 SET @saved_cs_client     = @@character_set_client */;
/*!40101 SET character_set_client = utf8 */;
CREATE TABLE `BLC_QUAL_CRIT_SC_XREF` (
  `SC_ID` bigint(20) NOT NULL,
  `SC_ITEM_CRITERIA_ID` bigint(20) NOT NULL,
  PRIMARY KEY (`SC_ID`,`SC_ITEM_CRITERIA_ID`),
  UNIQUE KEY `UK_C4A353AFFF06F4DE` (`SC_ITEM_CRITERIA_ID`),
  KEY `FKC4A353AF13D95585` (`SC_ID`),
  KEY `FKC4A353AF85C77F2B` (`SC_ITEM_CRITERIA_ID`),
  CONSTRAINT `FKC4A353AF85C77F2B` FOREIGN KEY (`SC_ITEM_CRITERIA_ID`) REFERENCES `BLC_SC_ITEM_CRITERIA` (`SC_ITEM_CRITERIA_ID`),
  CONSTRAINT `FKC4A353AF13D95585` FOREIGN KEY (`SC_ID`) REFERENCES `BLC_SC` (`SC_ID`)
) ENGINE=InnoDB DEFAULT CHARSET=latin1;
/*!40101 SET character_set_client = @saved_cs_client */;

--
-- Dumping data for table `BLC_QUAL_CRIT_SC_XREF`
--

LOCK TABLES `BLC_QUAL_CRIT_SC_XREF` WRITE;
/*!40000 ALTER TABLE `BLC_QUAL_CRIT_SC_XREF` DISABLE KEYS */;
/*!40000 ALTER TABLE `BLC_QUAL_CRIT_SC_XREF` ENABLE KEYS */;
UNLOCK TABLES;

--
-- Table structure for table `BLC_RATING_DETAIL`
--

DROP TABLE IF EXISTS `BLC_RATING_DETAIL`;
/*!40101 SET @saved_cs_client     = @@character_set_client */;
/*!40101 SET character_set_client = utf8 */;
CREATE TABLE `BLC_RATING_DETAIL` (
  `RATING_DETAIL_ID` bigint(20) NOT NULL,
  `RATING` double NOT NULL,
  `RATING_SUBMITTED_DATE` datetime NOT NULL,
  `CUSTOMER_ID` bigint(20) NOT NULL,
  `RATING_SUMMARY_ID` bigint(20) NOT NULL,
  PRIMARY KEY (`RATING_DETAIL_ID`),
  KEY `RATING_CUSTOMER_INDEX` (`CUSTOMER_ID`),
  KEY `FKC9D04AD7470F437` (`CUSTOMER_ID`),
  KEY `FKC9D04ADD4E76BF4` (`RATING_SUMMARY_ID`),
  CONSTRAINT `FKC9D04ADD4E76BF4` FOREIGN KEY (`RATING_SUMMARY_ID`) REFERENCES `BLC_RATING_SUMMARY` (`RATING_SUMMARY_ID`),
  CONSTRAINT `FKC9D04AD7470F437` FOREIGN KEY (`CUSTOMER_ID`) REFERENCES `BLC_CUSTOMER` (`CUSTOMER_ID`)
) ENGINE=InnoDB DEFAULT CHARSET=latin1;
/*!40101 SET character_set_client = @saved_cs_client */;

--
-- Dumping data for table `BLC_RATING_DETAIL`
--

LOCK TABLES `BLC_RATING_DETAIL` WRITE;
/*!40000 ALTER TABLE `BLC_RATING_DETAIL` DISABLE KEYS */;
/*!40000 ALTER TABLE `BLC_RATING_DETAIL` ENABLE KEYS */;
UNLOCK TABLES;

--
-- Table structure for table `BLC_RATING_SUMMARY`
--

DROP TABLE IF EXISTS `BLC_RATING_SUMMARY`;
/*!40101 SET @saved_cs_client     = @@character_set_client */;
/*!40101 SET character_set_client = utf8 */;
CREATE TABLE `BLC_RATING_SUMMARY` (
  `RATING_SUMMARY_ID` bigint(20) NOT NULL,
  `AVERAGE_RATING` double NOT NULL,
  `ITEM_ID` varchar(255) NOT NULL,
  `RATING_TYPE` varchar(255) NOT NULL,
  PRIMARY KEY (`RATING_SUMMARY_ID`),
  KEY `RATINGSUMM_ITEM_INDEX` (`ITEM_ID`),
  KEY `RATINGSUMM_TYPE_INDEX` (`RATING_TYPE`)
) ENGINE=InnoDB DEFAULT CHARSET=latin1;
/*!40101 SET character_set_client = @saved_cs_client */;

--
-- Dumping data for table `BLC_RATING_SUMMARY`
--

LOCK TABLES `BLC_RATING_SUMMARY` WRITE;
/*!40000 ALTER TABLE `BLC_RATING_SUMMARY` DISABLE KEYS */;
/*!40000 ALTER TABLE `BLC_RATING_SUMMARY` ENABLE KEYS */;
UNLOCK TABLES;

--
-- Table structure for table `BLC_REVIEW_DETAIL`
--

DROP TABLE IF EXISTS `BLC_REVIEW_DETAIL`;
/*!40101 SET @saved_cs_client     = @@character_set_client */;
/*!40101 SET character_set_client = utf8 */;
CREATE TABLE `BLC_REVIEW_DETAIL` (
  `REVIEW_DETAIL_ID` bigint(20) NOT NULL,
  `HELPFUL_COUNT` int(11) NOT NULL,
  `NOT_HELPFUL_COUNT` int(11) NOT NULL,
  `REVIEW_SUBMITTED_DATE` datetime NOT NULL,
  `REVIEW_STATUS` varchar(255) NOT NULL,
  `REVIEW_TEXT` varchar(255) NOT NULL,
  `CUSTOMER_ID` bigint(20) NOT NULL,
  `RATING_DETAIL_ID` bigint(20) DEFAULT NULL,
  `RATING_SUMMARY_ID` bigint(20) NOT NULL,
  PRIMARY KEY (`REVIEW_DETAIL_ID`),
  KEY `REVIEWDETAIL_CUSTOMER_INDEX` (`CUSTOMER_ID`),
  KEY `REVIEWDETAIL_RATING_INDEX` (`RATING_DETAIL_ID`),
  KEY `REVIEWDETAIL_SUMMARY_INDEX` (`RATING_SUMMARY_ID`),
  KEY `REVIEWDETAIL_STATUS_INDEX` (`REVIEW_STATUS`),
  KEY `FK9CD7E6927470F437` (`CUSTOMER_ID`),
  KEY `FK9CD7E69245DC39E0` (`RATING_DETAIL_ID`),
  KEY `FK9CD7E692D4E76BF4` (`RATING_SUMMARY_ID`),
  CONSTRAINT `FK9CD7E692D4E76BF4` FOREIGN KEY (`RATING_SUMMARY_ID`) REFERENCES `BLC_RATING_SUMMARY` (`RATING_SUMMARY_ID`),
  CONSTRAINT `FK9CD7E69245DC39E0` FOREIGN KEY (`RATING_DETAIL_ID`) REFERENCES `BLC_RATING_DETAIL` (`RATING_DETAIL_ID`),
  CONSTRAINT `FK9CD7E6927470F437` FOREIGN KEY (`CUSTOMER_ID`) REFERENCES `BLC_CUSTOMER` (`CUSTOMER_ID`)
) ENGINE=InnoDB DEFAULT CHARSET=latin1;
/*!40101 SET character_set_client = @saved_cs_client */;

--
-- Dumping data for table `BLC_REVIEW_DETAIL`
--

LOCK TABLES `BLC_REVIEW_DETAIL` WRITE;
/*!40000 ALTER TABLE `BLC_REVIEW_DETAIL` DISABLE KEYS */;
/*!40000 ALTER TABLE `BLC_REVIEW_DETAIL` ENABLE KEYS */;
UNLOCK TABLES;

--
-- Table structure for table `BLC_REVIEW_FEEDBACK`
--

DROP TABLE IF EXISTS `BLC_REVIEW_FEEDBACK`;
/*!40101 SET @saved_cs_client     = @@character_set_client */;
/*!40101 SET character_set_client = utf8 */;
CREATE TABLE `BLC_REVIEW_FEEDBACK` (
  `REVIEW_FEEDBACK_ID` bigint(20) NOT NULL,
  `IS_HELPFUL` tinyint(1) NOT NULL,
  `CUSTOMER_ID` bigint(20) NOT NULL,
  `REVIEW_DETAIL_ID` bigint(20) NOT NULL,
  PRIMARY KEY (`REVIEW_FEEDBACK_ID`),
  KEY `REVIEWFEED_CUSTOMER_INDEX` (`CUSTOMER_ID`),
  KEY `REVIEWFEED_DETAIL_INDEX` (`REVIEW_DETAIL_ID`),
  KEY `FK7CC929867470F437` (`CUSTOMER_ID`),
  KEY `FK7CC92986AE4769D6` (`REVIEW_DETAIL_ID`),
  CONSTRAINT `FK7CC92986AE4769D6` FOREIGN KEY (`REVIEW_DETAIL_ID`) REFERENCES `BLC_REVIEW_DETAIL` (`REVIEW_DETAIL_ID`),
  CONSTRAINT `FK7CC929867470F437` FOREIGN KEY (`CUSTOMER_ID`) REFERENCES `BLC_CUSTOMER` (`CUSTOMER_ID`)
) ENGINE=InnoDB DEFAULT CHARSET=latin1;
/*!40101 SET character_set_client = @saved_cs_client */;

--
-- Dumping data for table `BLC_REVIEW_FEEDBACK`
--

LOCK TABLES `BLC_REVIEW_FEEDBACK` WRITE;
/*!40000 ALTER TABLE `BLC_REVIEW_FEEDBACK` DISABLE KEYS */;
/*!40000 ALTER TABLE `BLC_REVIEW_FEEDBACK` ENABLE KEYS */;
UNLOCK TABLES;

--
-- Table structure for table `BLC_ROLE`
--

DROP TABLE IF EXISTS `BLC_ROLE`;
/*!40101 SET @saved_cs_client     = @@character_set_client */;
/*!40101 SET character_set_client = utf8 */;
CREATE TABLE `BLC_ROLE` (
  `ROLE_ID` bigint(20) NOT NULL,
  `ROLE_NAME` varchar(255) NOT NULL,
  PRIMARY KEY (`ROLE_ID`),
  KEY `ROLE_NAME_INDEX` (`ROLE_NAME`)
) ENGINE=InnoDB DEFAULT CHARSET=latin1;
/*!40101 SET character_set_client = @saved_cs_client */;

--
-- Dumping data for table `BLC_ROLE`
--

LOCK TABLES `BLC_ROLE` WRITE;
/*!40000 ALTER TABLE `BLC_ROLE` DISABLE KEYS */;
INSERT INTO `BLC_ROLE` VALUES (1,'ROLE_USER');
/*!40000 ALTER TABLE `BLC_ROLE` ENABLE KEYS */;
UNLOCK TABLES;

--
-- Table structure for table `BLC_SANDBOX`
--

DROP TABLE IF EXISTS `BLC_SANDBOX`;
/*!40101 SET @saved_cs_client     = @@character_set_client */;
/*!40101 SET character_set_client = utf8 */;
CREATE TABLE `BLC_SANDBOX` (
  `SANDBOX_ID` bigint(20) NOT NULL,
  `AUTHOR` bigint(20) DEFAULT NULL,
  `COLOR` varchar(255) DEFAULT NULL,
  `DESCRIPTION` varchar(255) DEFAULT NULL,
  `GO_LIVE_DATE` datetime DEFAULT NULL,
  `SANDBOX_NAME` varchar(255) DEFAULT NULL,
  `SANDBOX_TYPE` varchar(255) DEFAULT NULL,
  `PARENT_SANDBOX_ID` bigint(20) DEFAULT NULL,
  PRIMARY KEY (`SANDBOX_ID`),
  KEY `SANDBOX_NAME_INDEX` (`SANDBOX_NAME`),
  KEY `FKDD37A9A174160452` (`PARENT_SANDBOX_ID`),
  CONSTRAINT `FKDD37A9A174160452` FOREIGN KEY (`PARENT_SANDBOX_ID`) REFERENCES `BLC_SANDBOX` (`SANDBOX_ID`)
) ENGINE=InnoDB DEFAULT CHARSET=latin1;
/*!40101 SET character_set_client = @saved_cs_client */;

--
-- Dumping data for table `BLC_SANDBOX`
--

LOCK TABLES `BLC_SANDBOX` WRITE;
/*!40000 ALTER TABLE `BLC_SANDBOX` DISABLE KEYS */;
INSERT INTO `BLC_SANDBOX` VALUES (5,NULL,'#0B9098',NULL,NULL,'Default','DEFAULT',NULL),(6,-1,NULL,NULL,NULL,'Default','USER',5);
/*!40000 ALTER TABLE `BLC_SANDBOX` ENABLE KEYS */;
UNLOCK TABLES;

--
-- Table structure for table `BLC_SANDBOX_MGMT`
--

DROP TABLE IF EXISTS `BLC_SANDBOX_MGMT`;
/*!40101 SET @saved_cs_client     = @@character_set_client */;
/*!40101 SET character_set_client = utf8 */;
CREATE TABLE `BLC_SANDBOX_MGMT` (
  `SANDBOX_MGMT_ID` bigint(20) NOT NULL,
  `SANDBOX_ID` bigint(20) NOT NULL,
  PRIMARY KEY (`SANDBOX_MGMT_ID`),
  UNIQUE KEY `UK_4845009FE52B6993` (`SANDBOX_ID`),
  KEY `FK4845009F579FE59D` (`SANDBOX_ID`),
  CONSTRAINT `FK4845009F579FE59D` FOREIGN KEY (`SANDBOX_ID`) REFERENCES `BLC_SANDBOX` (`SANDBOX_ID`)
) ENGINE=InnoDB DEFAULT CHARSET=latin1;
/*!40101 SET character_set_client = @saved_cs_client */;

--
-- Dumping data for table `BLC_SANDBOX_MGMT`
--

LOCK TABLES `BLC_SANDBOX_MGMT` WRITE;
/*!40000 ALTER TABLE `BLC_SANDBOX_MGMT` DISABLE KEYS */;
INSERT INTO `BLC_SANDBOX_MGMT` VALUES (5,5),(6,6);
/*!40000 ALTER TABLE `BLC_SANDBOX_MGMT` ENABLE KEYS */;
UNLOCK TABLES;

--
-- Table structure for table `BLC_SC`
--

DROP TABLE IF EXISTS `BLC_SC`;
/*!40101 SET @saved_cs_client     = @@character_set_client */;
/*!40101 SET character_set_client = utf8 */;
CREATE TABLE `BLC_SC` (
  `SC_ID` bigint(20) NOT NULL,
  `CREATED_BY` bigint(20) DEFAULT NULL,
  `DATE_CREATED` datetime DEFAULT NULL,
  `DATE_UPDATED` datetime DEFAULT NULL,
  `UPDATED_BY` bigint(20) DEFAULT NULL,
  `CONTENT_NAME` varchar(255) NOT NULL,
  `OFFLINE_FLAG` tinyint(1) DEFAULT NULL,
  `PRIORITY` int(11) NOT NULL,
  `LOCALE_CODE` varchar(255) NOT NULL,
  `SC_TYPE_ID` bigint(20) DEFAULT NULL,
  PRIMARY KEY (`SC_ID`),
  KEY `CONTENT_NAME_INDEX` (`CONTENT_NAME`),
  KEY `SC_OFFLN_FLG_INDX` (`OFFLINE_FLAG`),
  KEY `CONTENT_PRIORITY_INDEX` (`PRIORITY`),
  KEY `FK74EEB716A1E1C128` (`LOCALE_CODE`),
  KEY `FK74EEB71671EBFA46` (`SC_TYPE_ID`),
  CONSTRAINT `FK74EEB71671EBFA46` FOREIGN KEY (`SC_TYPE_ID`) REFERENCES `BLC_SC_TYPE` (`SC_TYPE_ID`),
  CONSTRAINT `FK74EEB716A1E1C128` FOREIGN KEY (`LOCALE_CODE`) REFERENCES `BLC_LOCALE` (`LOCALE_CODE`)
) ENGINE=InnoDB DEFAULT CHARSET=latin1;
/*!40101 SET character_set_client = @saved_cs_client */;

--
-- Dumping data for table `BLC_SC`
--

LOCK TABLES `BLC_SC` WRITE;
/*!40000 ALTER TABLE `BLC_SC` DISABLE KEYS */;
INSERT INTO `BLC_SC` VALUES (100,1,'2015-06-19 16:32:16','2015-06-19 16:32:16',1,'Buy One Get One - Twice the Burn',0,5,'en',1),(101,1,'2015-06-19 16:32:16','2015-06-19 16:32:16',1,'Shirt Special - 20% off all shirts',0,1,'en',1),(102,1,'2015-06-19 16:32:16','2015-06-19 16:32:16',1,'Member Special - $10 off next order over $50',0,5,'en',1),(110,1,'2015-06-19 16:32:17','2015-06-19 16:32:17',1,'Home Page Snippet - Aficionado',0,5,'en',2),(130,1,'2015-06-19 16:32:17','2015-06-19 16:32:17',1,'Home Page Featured Products Title',0,5,'en',3),(140,1,'2015-06-19 16:32:17','2015-06-19 16:32:17',1,'RHS - The Essentials Collection',0,5,'en',4),(151,1,'2015-06-19 16:32:18','2015-06-19 16:32:18',1,'Promocion - 20% de descuento en todas las camisas',0,1,'es',1),(152,1,'2015-06-19 16:32:18','2015-06-19 16:32:18',1,'Promocion - 20% de descuento en todas las camisas',0,1,'fr',1),(153,1,'2015-06-19 16:32:18','2015-06-19 16:32:18',1,'Home Page Snippet (es) - Aficionado',0,5,'es',2),(154,1,'2015-06-19 16:32:19','2015-06-19 16:32:19',1,'Home Page Snippet (es) - Aficionado',0,5,'fr',2),(155,1,'2015-06-19 16:32:19','2015-06-19 16:32:19',1,'Home Page Featured Products Title',0,5,'es',3),(156,1,'2015-06-19 16:32:19','2015-06-19 16:32:19',1,'Home Page Featured Products Title',0,5,'fr',3);
/*!40000 ALTER TABLE `BLC_SC` ENABLE KEYS */;
UNLOCK TABLES;

--
-- Table structure for table `BLC_SC_FLD`
--

DROP TABLE IF EXISTS `BLC_SC_FLD`;
/*!40101 SET @saved_cs_client     = @@character_set_client */;
/*!40101 SET character_set_client = utf8 */;
CREATE TABLE `BLC_SC_FLD` (
  `SC_FLD_ID` bigint(20) NOT NULL,
  `CREATED_BY` bigint(20) DEFAULT NULL,
  `DATE_CREATED` datetime DEFAULT NULL,
  `DATE_UPDATED` datetime DEFAULT NULL,
  `UPDATED_BY` bigint(20) DEFAULT NULL,
  `FLD_KEY` varchar(255) DEFAULT NULL,
  `LOB_VALUE` longtext,
  `VALUE` varchar(255) DEFAULT NULL,
  PRIMARY KEY (`SC_FLD_ID`)
) ENGINE=InnoDB DEFAULT CHARSET=latin1;
/*!40101 SET character_set_client = @saved_cs_client */;

--
-- Dumping data for table `BLC_SC_FLD`
--

LOCK TABLES `BLC_SC_FLD` WRITE;
/*!40000 ALTER TABLE `BLC_SC_FLD` DISABLE KEYS */;
INSERT INTO `BLC_SC_FLD` VALUES (1,1,'2015-06-19 16:32:16',NULL,NULL,'imageUrl',NULL,'/img/banners/buy-one-get-one-home-banner.jpg'),(2,1,'2015-06-19 16:32:16',NULL,NULL,'targetUrl',NULL,'/hot-sauces'),(3,1,'2015-06-19 16:32:16',NULL,NULL,'imageUrl',NULL,'/img/banners/shirt-special.jpg'),(4,1,'2015-06-19 16:32:16',NULL,NULL,'targetUrl',NULL,'/merchandise'),(5,1,'2015-06-19 16:32:16',NULL,NULL,'imageUrl',NULL,'/img/banners/member-special.jpg'),(6,1,'2015-06-19 16:32:16',NULL,NULL,'targetUrl',NULL,'/register'),(9,1,'2015-06-19 16:32:17',NULL,NULL,'htmlContent',NULL,'<h2>HOT SAUCE AFICIONADO?</h2> Click to join our Heat Clinic Frequent Care Program. The place to get all the deals on burn treatment.'),(11,1,'2015-06-19 16:32:17',NULL,NULL,'messageText',NULL,'The Heat Clinic\'s Top Selling Sauces'),(12,1,'2015-06-19 16:32:17',NULL,NULL,'imageUrl',NULL,'/img/rhs-ad.jpg'),(13,1,'2015-06-19 16:32:17',NULL,NULL,'targetUrl',NULL,'/hot-sauces'),(51,1,'2015-06-19 16:32:18',NULL,NULL,'imageUrl',NULL,'/img/banners/promocion-camisas.jpg'),(52,1,'2015-06-19 16:32:18',NULL,NULL,'targetUrl',NULL,'/merchandise'),(53,1,'2015-06-19 16:32:18',NULL,NULL,'imageUrl',NULL,'/img/banners/shirts-speciale.jpg'),(54,1,'2015-06-19 16:32:18',NULL,NULL,'targetUrl',NULL,'/merchandise'),(55,1,'2015-06-19 16:32:19',NULL,NULL,'htmlContent',NULL,'<h2>AFICIONADO DE SALSAS PICANTES?</h2> Haga click para unirse a nuerto programa de Cuidades Intensivos de Heat Clinic. El lugar para conseguir las mejores ofertas.'),(56,1,'2015-06-19 16:32:19',NULL,NULL,'htmlContent',NULL,'<h2>AFICIONADO SAUCE PIQUANTE?</h2> Cliquez ici pour vous joindre &agrave; notre clinique de chaleur du Programme de soins fr&eacute;quents. L&#39;endroit pour obtenir toutes les offres sur le traitement des br&ucirc;lures.'),(57,1,'2015-06-19 16:32:19',NULL,NULL,'messageText',NULL,'Las Salsas M&aacute;s vendidas de Heat Clinic'),(58,1,'2015-06-19 16:32:19',NULL,NULL,'messageText',NULL,'La Clinique Heat Sauces Meilleures Ventes');
/*!40000 ALTER TABLE `BLC_SC_FLD` ENABLE KEYS */;
UNLOCK TABLES;

--
-- Table structure for table `BLC_SC_FLDGRP_XREF`
--

DROP TABLE IF EXISTS `BLC_SC_FLDGRP_XREF`;
/*!40101 SET @saved_cs_client     = @@character_set_client */;
/*!40101 SET character_set_client = utf8 */;
CREATE TABLE `BLC_SC_FLDGRP_XREF` (
  `SC_FLD_TMPLT_ID` bigint(20) NOT NULL,
  `FLD_GROUP_ID` bigint(20) NOT NULL,
  `GROUP_ORDER` int(11) NOT NULL,
  PRIMARY KEY (`SC_FLD_TMPLT_ID`,`GROUP_ORDER`),
  KEY `FK71612AEA6A79BDB5` (`FLD_GROUP_ID`),
  KEY `FK71612AEAF6B0BA84` (`SC_FLD_TMPLT_ID`),
  CONSTRAINT `FK71612AEAF6B0BA84` FOREIGN KEY (`SC_FLD_TMPLT_ID`) REFERENCES `BLC_SC_FLD_TMPLT` (`SC_FLD_TMPLT_ID`),
  CONSTRAINT `FK71612AEA6A79BDB5` FOREIGN KEY (`FLD_GROUP_ID`) REFERENCES `BLC_FLD_GROUP` (`FLD_GROUP_ID`)
) ENGINE=InnoDB DEFAULT CHARSET=latin1;
/*!40101 SET character_set_client = @saved_cs_client */;

--
-- Dumping data for table `BLC_SC_FLDGRP_XREF`
--

LOCK TABLES `BLC_SC_FLDGRP_XREF` WRITE;
/*!40000 ALTER TABLE `BLC_SC_FLDGRP_XREF` DISABLE KEYS */;
INSERT INTO `BLC_SC_FLDGRP_XREF` VALUES (1,4,0),(2,5,0),(3,6,0);
/*!40000 ALTER TABLE `BLC_SC_FLDGRP_XREF` ENABLE KEYS */;
UNLOCK TABLES;

--
-- Table structure for table `BLC_SC_FLD_MAP`
--

DROP TABLE IF EXISTS `BLC_SC_FLD_MAP`;
/*!40101 SET @saved_cs_client     = @@character_set_client */;
/*!40101 SET character_set_client = utf8 */;
CREATE TABLE `BLC_SC_FLD_MAP` (
  `SC_ID` bigint(20) NOT NULL,
  `SC_FLD_ID` bigint(20) NOT NULL,
  `MAP_KEY` varchar(255) NOT NULL,
  PRIMARY KEY (`SC_ID`,`MAP_KEY`),
  KEY `FKD9480192DD6FD28A` (`SC_FLD_ID`),
  KEY `FKD948019213D95585` (`SC_ID`),
  CONSTRAINT `FKD948019213D95585` FOREIGN KEY (`SC_ID`) REFERENCES `BLC_SC` (`SC_ID`),
  CONSTRAINT `FKD9480192DD6FD28A` FOREIGN KEY (`SC_FLD_ID`) REFERENCES `BLC_SC_FLD` (`SC_FLD_ID`)
) ENGINE=InnoDB DEFAULT CHARSET=latin1;
/*!40101 SET character_set_client = @saved_cs_client */;

--
-- Dumping data for table `BLC_SC_FLD_MAP`
--

LOCK TABLES `BLC_SC_FLD_MAP` WRITE;
/*!40000 ALTER TABLE `BLC_SC_FLD_MAP` DISABLE KEYS */;
INSERT INTO `BLC_SC_FLD_MAP` VALUES (100,1,'imageUrl'),(100,2,'targetUrl'),(101,3,'imageUrl'),(101,4,'targetUrl'),(102,5,'imageUrl'),(102,6,'targetUrl'),(110,9,'htmlContent'),(130,11,'messageText'),(140,12,'imageUrl'),(140,13,'targetUrl'),(151,51,'imageUrl'),(151,52,'targetUrl'),(152,53,'imageUrl'),(152,54,'targetUrl'),(153,55,'htmlContent'),(154,56,'htmlContent'),(155,57,'messageText'),(156,58,'messageText');
/*!40000 ALTER TABLE `BLC_SC_FLD_MAP` ENABLE KEYS */;
UNLOCK TABLES;

--
-- Table structure for table `BLC_SC_FLD_TMPLT`
--

DROP TABLE IF EXISTS `BLC_SC_FLD_TMPLT`;
/*!40101 SET @saved_cs_client     = @@character_set_client */;
/*!40101 SET character_set_client = utf8 */;
CREATE TABLE `BLC_SC_FLD_TMPLT` (
  `SC_FLD_TMPLT_ID` bigint(20) NOT NULL,
  `NAME` varchar(255) DEFAULT NULL,
  PRIMARY KEY (`SC_FLD_TMPLT_ID`)
) ENGINE=InnoDB DEFAULT CHARSET=latin1;
/*!40101 SET character_set_client = @saved_cs_client */;

--
-- Dumping data for table `BLC_SC_FLD_TMPLT`
--

LOCK TABLES `BLC_SC_FLD_TMPLT` WRITE;
/*!40000 ALTER TABLE `BLC_SC_FLD_TMPLT` DISABLE KEYS */;
INSERT INTO `BLC_SC_FLD_TMPLT` VALUES (1,'Ad Template'),(2,'HTML Template'),(3,'Message Template');
/*!40000 ALTER TABLE `BLC_SC_FLD_TMPLT` ENABLE KEYS */;
UNLOCK TABLES;

--
-- Table structure for table `BLC_SC_ITEM_CRITERIA`
--

DROP TABLE IF EXISTS `BLC_SC_ITEM_CRITERIA`;
/*!40101 SET @saved_cs_client     = @@character_set_client */;
/*!40101 SET character_set_client = utf8 */;
CREATE TABLE `BLC_SC_ITEM_CRITERIA` (
  `SC_ITEM_CRITERIA_ID` bigint(20) NOT NULL,
  `ORDER_ITEM_MATCH_RULE` longtext,
  `QUANTITY` int(11) NOT NULL,
  PRIMARY KEY (`SC_ITEM_CRITERIA_ID`)
) ENGINE=InnoDB DEFAULT CHARSET=latin1;
/*!40101 SET character_set_client = @saved_cs_client */;

--
-- Dumping data for table `BLC_SC_ITEM_CRITERIA`
--

LOCK TABLES `BLC_SC_ITEM_CRITERIA` WRITE;
/*!40000 ALTER TABLE `BLC_SC_ITEM_CRITERIA` DISABLE KEYS */;
/*!40000 ALTER TABLE `BLC_SC_ITEM_CRITERIA` ENABLE KEYS */;
UNLOCK TABLES;

--
-- Table structure for table `BLC_SC_RULE`
--

DROP TABLE IF EXISTS `BLC_SC_RULE`;
/*!40101 SET @saved_cs_client     = @@character_set_client */;
/*!40101 SET character_set_client = utf8 */;
CREATE TABLE `BLC_SC_RULE` (
  `SC_RULE_ID` bigint(20) NOT NULL,
  `MATCH_RULE` longtext,
  PRIMARY KEY (`SC_RULE_ID`)
) ENGINE=InnoDB DEFAULT CHARSET=latin1;
/*!40101 SET character_set_client = @saved_cs_client */;

--
-- Dumping data for table `BLC_SC_RULE`
--

LOCK TABLES `BLC_SC_RULE` WRITE;
/*!40000 ALTER TABLE `BLC_SC_RULE` DISABLE KEYS */;
/*!40000 ALTER TABLE `BLC_SC_RULE` ENABLE KEYS */;
UNLOCK TABLES;

--
-- Table structure for table `BLC_SC_RULE_MAP`
--

DROP TABLE IF EXISTS `BLC_SC_RULE_MAP`;
/*!40101 SET @saved_cs_client     = @@character_set_client */;
/*!40101 SET character_set_client = utf8 */;
CREATE TABLE `BLC_SC_RULE_MAP` (
  `BLC_SC_SC_ID` bigint(20) NOT NULL,
  `SC_RULE_ID` bigint(20) NOT NULL,
  `MAP_KEY` varchar(255) NOT NULL,
  PRIMARY KEY (`BLC_SC_SC_ID`,`MAP_KEY`),
  KEY `FK169F1C8256E51A06` (`SC_RULE_ID`),
  KEY `FK169F1C82156E72FC` (`BLC_SC_SC_ID`),
  CONSTRAINT `FK169F1C82156E72FC` FOREIGN KEY (`BLC_SC_SC_ID`) REFERENCES `BLC_SC` (`SC_ID`),
  CONSTRAINT `FK169F1C8256E51A06` FOREIGN KEY (`SC_RULE_ID`) REFERENCES `BLC_SC_RULE` (`SC_RULE_ID`)
) ENGINE=InnoDB DEFAULT CHARSET=latin1;
/*!40101 SET character_set_client = @saved_cs_client */;

--
-- Dumping data for table `BLC_SC_RULE_MAP`
--

LOCK TABLES `BLC_SC_RULE_MAP` WRITE;
/*!40000 ALTER TABLE `BLC_SC_RULE_MAP` DISABLE KEYS */;
/*!40000 ALTER TABLE `BLC_SC_RULE_MAP` ENABLE KEYS */;
UNLOCK TABLES;

--
-- Table structure for table `BLC_SC_TYPE`
--

DROP TABLE IF EXISTS `BLC_SC_TYPE`;
/*!40101 SET @saved_cs_client     = @@character_set_client */;
/*!40101 SET character_set_client = utf8 */;
CREATE TABLE `BLC_SC_TYPE` (
  `SC_TYPE_ID` bigint(20) NOT NULL,
  `DESCRIPTION` varchar(255) DEFAULT NULL,
  `NAME` varchar(255) DEFAULT NULL,
  `SC_FLD_TMPLT_ID` bigint(20) DEFAULT NULL,
  PRIMARY KEY (`SC_TYPE_ID`),
  KEY `SC_TYPE_NAME_INDEX` (`NAME`),
  KEY `FKE19886C3F6B0BA84` (`SC_FLD_TMPLT_ID`),
  CONSTRAINT `FKE19886C3F6B0BA84` FOREIGN KEY (`SC_FLD_TMPLT_ID`) REFERENCES `BLC_SC_FLD_TMPLT` (`SC_FLD_TMPLT_ID`)
) ENGINE=InnoDB DEFAULT CHARSET=latin1;
/*!40101 SET character_set_client = @saved_cs_client */;

--
-- Dumping data for table `BLC_SC_TYPE`
--

LOCK TABLES `BLC_SC_TYPE` WRITE;
/*!40000 ALTER TABLE `BLC_SC_TYPE` DISABLE KEYS */;
INSERT INTO `BLC_SC_TYPE` VALUES (1,NULL,'Homepage Banner Ad',1),(2,NULL,'Homepage Middle Promo Snippet',2),(3,NULL,'Homepage Featured Products Title',3),(4,NULL,'Right Hand Side Banner Ad',1);
/*!40000 ALTER TABLE `BLC_SC_TYPE` ENABLE KEYS */;
UNLOCK TABLES;

--
-- Table structure for table `BLC_SEARCH_FACET`
--

DROP TABLE IF EXISTS `BLC_SEARCH_FACET`;
/*!40101 SET @saved_cs_client     = @@character_set_client */;
/*!40101 SET character_set_client = utf8 */;
CREATE TABLE `BLC_SEARCH_FACET` (
  `SEARCH_FACET_ID` bigint(20) NOT NULL,
  `MULTISELECT` tinyint(1) DEFAULT NULL,
  `LABEL` varchar(255) DEFAULT NULL,
  `REQUIRES_ALL_DEPENDENT` tinyint(1) DEFAULT NULL,
  `SEARCH_DISPLAY_PRIORITY` int(11) DEFAULT NULL,
  `SHOW_ON_SEARCH` tinyint(1) DEFAULT NULL,
  `FIELD_ID` bigint(20) NOT NULL,
  PRIMARY KEY (`SEARCH_FACET_ID`),
  KEY `FK4FFCC9863C3907C4` (`FIELD_ID`),
  CONSTRAINT `FK4FFCC9863C3907C4` FOREIGN KEY (`FIELD_ID`) REFERENCES `BLC_FIELD` (`FIELD_ID`)
) ENGINE=InnoDB DEFAULT CHARSET=latin1;
/*!40101 SET character_set_client = @saved_cs_client */;

--
-- Dumping data for table `BLC_SEARCH_FACET`
--

LOCK TABLES `BLC_SEARCH_FACET` WRITE;
/*!40000 ALTER TABLE `BLC_SEARCH_FACET` DISABLE KEYS */;
/*!40000 ALTER TABLE `BLC_SEARCH_FACET` ENABLE KEYS */;
UNLOCK TABLES;

--
-- Table structure for table `BLC_SEARCH_FACET_RANGE`
--

DROP TABLE IF EXISTS `BLC_SEARCH_FACET_RANGE`;
/*!40101 SET @saved_cs_client     = @@character_set_client */;
/*!40101 SET character_set_client = utf8 */;
CREATE TABLE `BLC_SEARCH_FACET_RANGE` (
  `SEARCH_FACET_RANGE_ID` bigint(20) NOT NULL,
  `MAX_VALUE` decimal(19,5) DEFAULT NULL,
  `MIN_VALUE` decimal(19,5) NOT NULL,
  `SEARCH_FACET_ID` bigint(20) DEFAULT NULL,
  PRIMARY KEY (`SEARCH_FACET_RANGE_ID`),
  KEY `SEARCH_FACET_INDEX` (`SEARCH_FACET_ID`),
  KEY `FK7EC3B124B96B1C93` (`SEARCH_FACET_ID`),
  CONSTRAINT `FK7EC3B124B96B1C93` FOREIGN KEY (`SEARCH_FACET_ID`) REFERENCES `BLC_SEARCH_FACET` (`SEARCH_FACET_ID`)
) ENGINE=InnoDB DEFAULT CHARSET=latin1;
/*!40101 SET character_set_client = @saved_cs_client */;

--
-- Dumping data for table `BLC_SEARCH_FACET_RANGE`
--

LOCK TABLES `BLC_SEARCH_FACET_RANGE` WRITE;
/*!40000 ALTER TABLE `BLC_SEARCH_FACET_RANGE` DISABLE KEYS */;
/*!40000 ALTER TABLE `BLC_SEARCH_FACET_RANGE` ENABLE KEYS */;
UNLOCK TABLES;

--
-- Table structure for table `BLC_SEARCH_FACET_XREF`
--

DROP TABLE IF EXISTS `BLC_SEARCH_FACET_XREF`;
/*!40101 SET @saved_cs_client     = @@character_set_client */;
/*!40101 SET character_set_client = utf8 */;
CREATE TABLE `BLC_SEARCH_FACET_XREF` (
  `ID` bigint(20) NOT NULL,
  `REQUIRED_FACET_ID` bigint(20) NOT NULL,
  `SEARCH_FACET_ID` bigint(20) DEFAULT NULL,
  PRIMARY KEY (`ID`),
  KEY `FK35A63034DA7E1C7C` (`REQUIRED_FACET_ID`),
  KEY `FK35A63034B96B1C93` (`SEARCH_FACET_ID`),
  CONSTRAINT `FK35A63034B96B1C93` FOREIGN KEY (`SEARCH_FACET_ID`) REFERENCES `BLC_SEARCH_FACET` (`SEARCH_FACET_ID`),
  CONSTRAINT `FK35A63034DA7E1C7C` FOREIGN KEY (`REQUIRED_FACET_ID`) REFERENCES `BLC_SEARCH_FACET` (`SEARCH_FACET_ID`)
) ENGINE=InnoDB DEFAULT CHARSET=latin1;
/*!40101 SET character_set_client = @saved_cs_client */;

--
-- Dumping data for table `BLC_SEARCH_FACET_XREF`
--

LOCK TABLES `BLC_SEARCH_FACET_XREF` WRITE;
/*!40000 ALTER TABLE `BLC_SEARCH_FACET_XREF` DISABLE KEYS */;
/*!40000 ALTER TABLE `BLC_SEARCH_FACET_XREF` ENABLE KEYS */;
UNLOCK TABLES;

--
-- Table structure for table `BLC_SEARCH_INTERCEPT`
--

DROP TABLE IF EXISTS `BLC_SEARCH_INTERCEPT`;
/*!40101 SET @saved_cs_client     = @@character_set_client */;
/*!40101 SET character_set_client = utf8 */;
CREATE TABLE `BLC_SEARCH_INTERCEPT` (
  `SEARCH_REDIRECT_ID` bigint(20) NOT NULL,
  `ACTIVE_END_DATE` datetime DEFAULT NULL,
  `ACTIVE_START_DATE` datetime DEFAULT NULL,
  `PRIORITY` int(11) DEFAULT NULL,
  `SEARCH_TERM` varchar(255) NOT NULL,
  `URL` varchar(255) NOT NULL,
  PRIMARY KEY (`SEARCH_REDIRECT_ID`),
  KEY `SEARCH_ACTIVE_INDEX` (`ACTIVE_END_DATE`),
  KEY `SEARCH_PRIORITY_INDEX` (`PRIORITY`)
) ENGINE=InnoDB DEFAULT CHARSET=latin1;
/*!40101 SET character_set_client = @saved_cs_client */;

--
-- Dumping data for table `BLC_SEARCH_INTERCEPT`
--

LOCK TABLES `BLC_SEARCH_INTERCEPT` WRITE;
/*!40000 ALTER TABLE `BLC_SEARCH_INTERCEPT` DISABLE KEYS */;
/*!40000 ALTER TABLE `BLC_SEARCH_INTERCEPT` ENABLE KEYS */;
UNLOCK TABLES;

--
-- Table structure for table `BLC_SEARCH_SYNONYM`
--

DROP TABLE IF EXISTS `BLC_SEARCH_SYNONYM`;
/*!40101 SET @saved_cs_client     = @@character_set_client */;
/*!40101 SET character_set_client = utf8 */;
CREATE TABLE `BLC_SEARCH_SYNONYM` (
  `SEARCH_SYNONYM_ID` bigint(20) NOT NULL,
  `SYNONYMS` varchar(255) DEFAULT NULL,
  `TERM` varchar(255) DEFAULT NULL,
  PRIMARY KEY (`SEARCH_SYNONYM_ID`),
  KEY `SEARCHSYNONYM_TERM_INDEX` (`TERM`)
) ENGINE=InnoDB DEFAULT CHARSET=latin1;
/*!40101 SET character_set_client = @saved_cs_client */;

--
-- Dumping data for table `BLC_SEARCH_SYNONYM`
--

LOCK TABLES `BLC_SEARCH_SYNONYM` WRITE;
/*!40000 ALTER TABLE `BLC_SEARCH_SYNONYM` DISABLE KEYS */;
/*!40000 ALTER TABLE `BLC_SEARCH_SYNONYM` ENABLE KEYS */;
UNLOCK TABLES;

--
-- Table structure for table `BLC_SHIPPING_RATE`
--

DROP TABLE IF EXISTS `BLC_SHIPPING_RATE`;
/*!40101 SET @saved_cs_client     = @@character_set_client */;
/*!40101 SET character_set_client = utf8 */;
CREATE TABLE `BLC_SHIPPING_RATE` (
  `ID` bigint(20) NOT NULL,
  `BAND_RESULT_PCT` int(11) NOT NULL,
  `BAND_RESULT_QTY` decimal(19,2) NOT NULL,
  `BAND_UNIT_QTY` decimal(19,2) NOT NULL,
  `FEE_BAND` int(11) NOT NULL,
  `FEE_SUB_TYPE` varchar(255) DEFAULT NULL,
  `FEE_TYPE` varchar(255) NOT NULL,
  PRIMARY KEY (`ID`),
  KEY `SHIPPINGRATE_FEESUB_INDEX` (`FEE_SUB_TYPE`),
  KEY `SHIPPINGRATE_FEE_INDEX` (`FEE_TYPE`)
) ENGINE=InnoDB DEFAULT CHARSET=latin1;
/*!40101 SET character_set_client = @saved_cs_client */;

--
-- Dumping data for table `BLC_SHIPPING_RATE`
--

LOCK TABLES `BLC_SHIPPING_RATE` WRITE;
/*!40000 ALTER TABLE `BLC_SHIPPING_RATE` DISABLE KEYS */;
/*!40000 ALTER TABLE `BLC_SHIPPING_RATE` ENABLE KEYS */;
UNLOCK TABLES;

--
-- Table structure for table `BLC_SITE`
--

DROP TABLE IF EXISTS `BLC_SITE`;
/*!40101 SET @saved_cs_client     = @@character_set_client */;
/*!40101 SET character_set_client = utf8 */;
CREATE TABLE `BLC_SITE` (
  `SITE_ID` bigint(20) NOT NULL,
  `ARCHIVED` char(1) DEFAULT NULL,
  `DEACTIVATED` tinyint(1) DEFAULT NULL,
  `NAME` varchar(255) DEFAULT NULL,
  `SITE_IDENTIFIER_TYPE` varchar(255) DEFAULT NULL,
  `SITE_IDENTIFIER_VALUE` varchar(255) DEFAULT NULL,
  PRIMARY KEY (`SITE_ID`),
  KEY `BLC_SITE_ID_VAL_INDEX` (`SITE_IDENTIFIER_VALUE`)
) ENGINE=InnoDB DEFAULT CHARSET=latin1;
/*!40101 SET character_set_client = @saved_cs_client */;

--
-- Dumping data for table `BLC_SITE`
--

LOCK TABLES `BLC_SITE` WRITE;
/*!40000 ALTER TABLE `BLC_SITE` DISABLE KEYS */;
/*!40000 ALTER TABLE `BLC_SITE` ENABLE KEYS */;
UNLOCK TABLES;

--
-- Table structure for table `BLC_SITE_CATALOG`
--

DROP TABLE IF EXISTS `BLC_SITE_CATALOG`;
/*!40101 SET @saved_cs_client     = @@character_set_client */;
/*!40101 SET character_set_client = utf8 */;
CREATE TABLE `BLC_SITE_CATALOG` (
  `CATALOG_ID` bigint(20) NOT NULL,
  `SITE_ID` bigint(20) NOT NULL,
  KEY `FK5F3F2047843A8B63` (`SITE_ID`),
  KEY `FK5F3F2047A350C7F1` (`CATALOG_ID`),
  CONSTRAINT `FK5F3F2047A350C7F1` FOREIGN KEY (`CATALOG_ID`) REFERENCES `BLC_CATALOG` (`CATALOG_ID`),
  CONSTRAINT `FK5F3F2047843A8B63` FOREIGN KEY (`SITE_ID`) REFERENCES `BLC_SITE` (`SITE_ID`)
) ENGINE=InnoDB DEFAULT CHARSET=latin1;
/*!40101 SET character_set_client = @saved_cs_client */;

--
-- Dumping data for table `BLC_SITE_CATALOG`
--

LOCK TABLES `BLC_SITE_CATALOG` WRITE;
/*!40000 ALTER TABLE `BLC_SITE_CATALOG` DISABLE KEYS */;
/*!40000 ALTER TABLE `BLC_SITE_CATALOG` ENABLE KEYS */;
UNLOCK TABLES;

--
-- Table structure for table `BLC_SITE_MAP_CFG`
--

DROP TABLE IF EXISTS `BLC_SITE_MAP_CFG`;
/*!40101 SET @saved_cs_client     = @@character_set_client */;
/*!40101 SET character_set_client = utf8 */;
CREATE TABLE `BLC_SITE_MAP_CFG` (
  `INDEXED_SITE_MAP_FILE_NAME` varchar(255) DEFAULT NULL,
  `INDEXED_SITE_MAP_FILE_PATTERN` varchar(255) DEFAULT NULL,
  `MAX_URL_ENTRIES_PER_FILE` int(11) DEFAULT NULL,
  `SITE_MAP_FILE_NAME` varchar(255) DEFAULT NULL,
  `MODULE_CONFIG_ID` bigint(20) NOT NULL,
  PRIMARY KEY (`MODULE_CONFIG_ID`),
  KEY `FK7012930FC50D449` (`MODULE_CONFIG_ID`),
  CONSTRAINT `FK7012930FC50D449` FOREIGN KEY (`MODULE_CONFIG_ID`) REFERENCES `BLC_MODULE_CONFIGURATION` (`MODULE_CONFIG_ID`)
) ENGINE=InnoDB DEFAULT CHARSET=latin1;
/*!40101 SET character_set_client = @saved_cs_client */;

--
-- Dumping data for table `BLC_SITE_MAP_CFG`
--

LOCK TABLES `BLC_SITE_MAP_CFG` WRITE;
/*!40000 ALTER TABLE `BLC_SITE_MAP_CFG` DISABLE KEYS */;
INSERT INTO `BLC_SITE_MAP_CFG` VALUES (NULL,NULL,NULL,NULL,-1);
/*!40000 ALTER TABLE `BLC_SITE_MAP_CFG` ENABLE KEYS */;
UNLOCK TABLES;

--
-- Table structure for table `BLC_SITE_MAP_GEN_CFG`
--

DROP TABLE IF EXISTS `BLC_SITE_MAP_GEN_CFG`;
/*!40101 SET @saved_cs_client     = @@character_set_client */;
/*!40101 SET character_set_client = utf8 */;
CREATE TABLE `BLC_SITE_MAP_GEN_CFG` (
  `GEN_CONFIG_ID` bigint(20) NOT NULL,
  `CHANGE_FREQ` varchar(255) NOT NULL,
  `DISABLED` tinyint(1) NOT NULL,
  `GENERATOR_TYPE` varchar(255) NOT NULL,
  `PRIORITY` varchar(255) DEFAULT NULL,
  `MODULE_CONFIG_ID` bigint(20) NOT NULL,
  PRIMARY KEY (`GEN_CONFIG_ID`),
  KEY `FK1D76000A340ED71` (`MODULE_CONFIG_ID`),
  CONSTRAINT `FK1D76000A340ED71` FOREIGN KEY (`MODULE_CONFIG_ID`) REFERENCES `BLC_SITE_MAP_CFG` (`MODULE_CONFIG_ID`)
) ENGINE=InnoDB DEFAULT CHARSET=latin1;
/*!40101 SET character_set_client = @saved_cs_client */;

--
-- Dumping data for table `BLC_SITE_MAP_GEN_CFG`
--

LOCK TABLES `BLC_SITE_MAP_GEN_CFG` WRITE;
/*!40000 ALTER TABLE `BLC_SITE_MAP_GEN_CFG` DISABLE KEYS */;
INSERT INTO `BLC_SITE_MAP_GEN_CFG` VALUES (-4,'HOURLY',0,'CATEGORY','0.5',-1),(-3,'HOURLY',0,'PAGE','0.5',-1),(-2,'HOURLY',0,'PRODUCT','0.5',-1),(-1,'HOURLY',0,'CUSTOM','0.5',-1);
/*!40000 ALTER TABLE `BLC_SITE_MAP_GEN_CFG` ENABLE KEYS */;
UNLOCK TABLES;

--
-- Table structure for table `BLC_SITE_MAP_URL_ENTRY`
--

DROP TABLE IF EXISTS `BLC_SITE_MAP_URL_ENTRY`;
/*!40101 SET @saved_cs_client     = @@character_set_client */;
/*!40101 SET character_set_client = utf8 */;
CREATE TABLE `BLC_SITE_MAP_URL_ENTRY` (
  `URL_ENTRY_ID` bigint(20) NOT NULL,
  `CHANGE_FREQ` varchar(255) NOT NULL,
  `LAST_MODIFIED` datetime NOT NULL,
  `LOCATION` varchar(255) NOT NULL,
  `PRIORITY` varchar(255) NOT NULL,
  `GEN_CONFIG_ID` bigint(20) NOT NULL,
  PRIMARY KEY (`URL_ENTRY_ID`),
  KEY `FKE2004FED36AFE1EE` (`GEN_CONFIG_ID`),
  CONSTRAINT `FKE2004FED36AFE1EE` FOREIGN KEY (`GEN_CONFIG_ID`) REFERENCES `BLC_CUST_SITE_MAP_GEN_CFG` (`GEN_CONFIG_ID`)
) ENGINE=InnoDB DEFAULT CHARSET=latin1;
/*!40101 SET character_set_client = @saved_cs_client */;

--
-- Dumping data for table `BLC_SITE_MAP_URL_ENTRY`
--

LOCK TABLES `BLC_SITE_MAP_URL_ENTRY` WRITE;
/*!40000 ALTER TABLE `BLC_SITE_MAP_URL_ENTRY` DISABLE KEYS */;
INSERT INTO `BLC_SITE_MAP_URL_ENTRY` VALUES (-8,'HOURLY','2015-06-19 16:32:29','http://www.heatclinic.com/8','0.5',-1),(-7,'HOURLY','2015-06-19 16:32:29','http://www.heatclinic.com/7','0.5',-1),(-6,'HOURLY','2015-06-19 16:32:29','http://www.heatclinic.com/6','0.5',-1),(-5,'HOURLY','2015-06-19 16:32:29','http://www.heatclinic.com/5','0.5',-1),(-4,'HOURLY','2015-06-19 16:32:29','http://www.heatclinic.com/4','0.5',-1),(-3,'HOURLY','2015-06-19 16:32:29','http://www.heatclinic.com/3','0.5',-1),(-2,'HOURLY','2015-06-19 16:32:29','http://www.heatclinic.com/2','0.5',-1),(-1,'HOURLY','2015-06-19 16:32:29','http://www.heatclinic.com/1','0.5',-1);
/*!40000 ALTER TABLE `BLC_SITE_MAP_URL_ENTRY` ENABLE KEYS */;
UNLOCK TABLES;

--
-- Table structure for table `BLC_SKU`
--

DROP TABLE IF EXISTS `BLC_SKU`;
/*!40101 SET @saved_cs_client     = @@character_set_client */;
/*!40101 SET character_set_client = utf8 */;
CREATE TABLE `BLC_SKU` (
  `SKU_ID` bigint(20) NOT NULL,
  `ACTIVE_END_DATE` datetime DEFAULT NULL,
  `ACTIVE_START_DATE` datetime DEFAULT NULL,
  `AVAILABLE_FLAG` char(1) DEFAULT NULL,
  `DESCRIPTION` varchar(255) DEFAULT NULL,
  `CONTAINER_SHAPE` varchar(255) DEFAULT NULL,
  `DEPTH` decimal(19,2) DEFAULT NULL,
  `DIMENSION_UNIT_OF_MEASURE` varchar(255) DEFAULT NULL,
  `GIRTH` decimal(19,2) DEFAULT NULL,
  `HEIGHT` decimal(19,2) DEFAULT NULL,
  `CONTAINER_SIZE` varchar(255) DEFAULT NULL,
  `WIDTH` decimal(19,2) DEFAULT NULL,
  `DISCOUNTABLE_FLAG` char(1) DEFAULT NULL,
  `FULFILLMENT_TYPE` varchar(255) DEFAULT NULL,
  `INVENTORY_TYPE` varchar(255) DEFAULT NULL,
  `IS_MACHINE_SORTABLE` tinyint(1) DEFAULT NULL,
  `LONG_DESCRIPTION` longtext,
  `NAME` varchar(255) DEFAULT NULL,
  `QUANTITY_AVAILABLE` int(11) DEFAULT NULL,
  `RETAIL_PRICE` decimal(19,5) DEFAULT NULL,
  `SALE_PRICE` decimal(19,5) DEFAULT NULL,
  `TAX_CODE` varchar(255) DEFAULT NULL,
  `TAXABLE_FLAG` char(1) DEFAULT NULL,
  `WEIGHT` decimal(19,2) DEFAULT NULL,
  `WEIGHT_UNIT_OF_MEASURE` varchar(255) DEFAULT NULL,
  `CURRENCY_CODE` varchar(255) DEFAULT NULL,
  `DEFAULT_PRODUCT_ID` bigint(20) DEFAULT NULL,
  PRIMARY KEY (`SKU_ID`),
  KEY `SKU_ACTIVE_END_INDEX` (`ACTIVE_END_DATE`),
  KEY `SKU_ACTIVE_START_INDEX` (`ACTIVE_START_DATE`),
  KEY `SKU_AVAILABLE_INDEX` (`AVAILABLE_FLAG`),
  KEY `SKU_DISCOUNTABLE_INDEX` (`DISCOUNTABLE_FLAG`),
  KEY `SKU_NAME_INDEX` (`NAME`),
  KEY `SKU_TAXABLE_INDEX` (`TAXABLE_FLAG`),
  KEY `FK28E82CF73E2FC4F9` (`CURRENCY_CODE`),
  KEY `FK28E82CF77E555D75` (`DEFAULT_PRODUCT_ID`),
  CONSTRAINT `FK28E82CF77E555D75` FOREIGN KEY (`DEFAULT_PRODUCT_ID`) REFERENCES `BLC_PRODUCT` (`PRODUCT_ID`),
  CONSTRAINT `FK28E82CF73E2FC4F9` FOREIGN KEY (`CURRENCY_CODE`) REFERENCES `BLC_CURRENCY` (`CURRENCY_CODE`)
) ENGINE=InnoDB DEFAULT CHARSET=latin1;
/*!40101 SET character_set_client = @saved_cs_client */;

--
-- Dumping data for table `BLC_SKU`
--

LOCK TABLES `BLC_SKU` WRITE;
/*!40000 ALTER TABLE `BLC_SKU` DISABLE KEYS */;
INSERT INTO `BLC_SKU` VALUES (9955,NULL,'2015-06-19 00:00:00',NULL,NULL,NULL,NULL,NULL,NULL,NULL,NULL,NULL,'Y',NULL,'ALWAYS_AVAILABLE',1,'This is a light-weight, Aluminium alloy wheel chair with small rear wheels. Ideal as an attendant wheelchair.','xyz light weight wheel chair',NULL,1250.00000,700.00000,NULL,NULL,NULL,NULL,'INR',9954),(9956,NULL,'2015-06-19 00:00:00',NULL,NULL,NULL,NULL,NULL,NULL,NULL,NULL,NULL,'Y',NULL,'ALWAYS_AVAILABLE',1,'This chromium plated commode chair is ideal for in-house use for people with limited mobility. It comes with a easily removable plastic pail that can be washed effortlessly. This commode chair can be used in the room itself (avoiding a trip to the toilet) or it can be positioned above the existing western closet without the pail. The wheels ensure that moving it around and positioning it is easy.','Portable Commode Chair',NULL,3000.00000,2500.00000,NULL,NULL,NULL,NULL,'INR',9955),(9957,NULL,'2015-06-19 00:00:00',NULL,NULL,NULL,NULL,NULL,NULL,NULL,NULL,NULL,'Y',NULL,'ALWAYS_AVAILABLE',1,NULL,'Ultra Easy  Blood Glucose Monitoring Device',NULL,800.00000,650.00000,NULL,NULL,NULL,NULL,'INR',9956),(9958,NULL,'2015-06-19 00:00:00',NULL,NULL,NULL,NULL,NULL,NULL,NULL,NULL,NULL,'Y',NULL,'ALWAYS_AVAILABLE',1,'These are extremely useful nail cutters with attached magnifying glass to help you see better. The come in different colors including black and lavendar.','Nail Clipper with Magnifying Glass',NULL,325.00000,300.00000,NULL,NULL,NULL,NULL,'INR',9957);
/*!40000 ALTER TABLE `BLC_SKU` ENABLE KEYS */;
UNLOCK TABLES;

--
-- Table structure for table `BLC_SKU_ATTRIBUTE`
--

DROP TABLE IF EXISTS `BLC_SKU_ATTRIBUTE`;
/*!40101 SET @saved_cs_client     = @@character_set_client */;
/*!40101 SET character_set_client = utf8 */;
CREATE TABLE `BLC_SKU_ATTRIBUTE` (
  `SKU_ATTR_ID` bigint(20) NOT NULL,
  `NAME` varchar(255) NOT NULL,
  `SEARCHABLE` tinyint(1) DEFAULT NULL,
  `VALUE` varchar(255) NOT NULL,
  `SKU_ID` bigint(20) NOT NULL,
  PRIMARY KEY (`SKU_ATTR_ID`),
  KEY `SKUATTR_NAME_INDEX` (`NAME`),
  KEY `SKUATTR_SKU_INDEX` (`SKU_ID`),
  KEY `FK6C6A5934B78C9977` (`SKU_ID`),
  CONSTRAINT `FK6C6A5934B78C9977` FOREIGN KEY (`SKU_ID`) REFERENCES `BLC_SKU` (`SKU_ID`)
) ENGINE=InnoDB DEFAULT CHARSET=latin1;
/*!40101 SET character_set_client = @saved_cs_client */;

--
-- Dumping data for table `BLC_SKU_ATTRIBUTE`
--

LOCK TABLES `BLC_SKU_ATTRIBUTE` WRITE;
/*!40000 ALTER TABLE `BLC_SKU_ATTRIBUTE` DISABLE KEYS */;
/*!40000 ALTER TABLE `BLC_SKU_ATTRIBUTE` ENABLE KEYS */;
UNLOCK TABLES;

--
-- Table structure for table `BLC_SKU_AVAILABILITY`
--

DROP TABLE IF EXISTS `BLC_SKU_AVAILABILITY`;
/*!40101 SET @saved_cs_client     = @@character_set_client */;
/*!40101 SET character_set_client = utf8 */;
CREATE TABLE `BLC_SKU_AVAILABILITY` (
  `SKU_AVAILABILITY_ID` bigint(20) NOT NULL,
  `AVAILABILITY_DATE` datetime DEFAULT NULL,
  `AVAILABILITY_STATUS` varchar(255) DEFAULT NULL,
  `LOCATION_ID` bigint(20) DEFAULT NULL,
  `QTY_ON_HAND` int(11) DEFAULT NULL,
  `RESERVE_QTY` int(11) DEFAULT NULL,
  `SKU_ID` bigint(20) DEFAULT NULL,
  PRIMARY KEY (`SKU_AVAILABILITY_ID`),
  KEY `SKUAVAIL_STATUS_INDEX` (`AVAILABILITY_STATUS`),
  KEY `SKUAVAIL_LOCATION_INDEX` (`LOCATION_ID`),
  KEY `SKUAVAIL_SKU_INDEX` (`SKU_ID`)
) ENGINE=InnoDB DEFAULT CHARSET=latin1;
/*!40101 SET character_set_client = @saved_cs_client */;

--
-- Dumping data for table `BLC_SKU_AVAILABILITY`
--

LOCK TABLES `BLC_SKU_AVAILABILITY` WRITE;
/*!40000 ALTER TABLE `BLC_SKU_AVAILABILITY` DISABLE KEYS */;
/*!40000 ALTER TABLE `BLC_SKU_AVAILABILITY` ENABLE KEYS */;
UNLOCK TABLES;

--
-- Table structure for table `BLC_SKU_BUNDLE_ITEM`
--

DROP TABLE IF EXISTS `BLC_SKU_BUNDLE_ITEM`;
/*!40101 SET @saved_cs_client     = @@character_set_client */;
/*!40101 SET character_set_client = utf8 */;
CREATE TABLE `BLC_SKU_BUNDLE_ITEM` (
  `SKU_BUNDLE_ITEM_ID` bigint(20) NOT NULL,
  `ITEM_SALE_PRICE` decimal(19,5) DEFAULT NULL,
  `QUANTITY` int(11) NOT NULL,
  `PRODUCT_BUNDLE_ID` bigint(20) NOT NULL,
  `SKU_ID` bigint(20) NOT NULL,
  PRIMARY KEY (`SKU_BUNDLE_ITEM_ID`),
  KEY `FKD55968CCF29B96` (`PRODUCT_BUNDLE_ID`),
  KEY `FKD55968B78C9977` (`SKU_ID`),
  CONSTRAINT `FKD55968B78C9977` FOREIGN KEY (`SKU_ID`) REFERENCES `BLC_SKU` (`SKU_ID`),
  CONSTRAINT `FKD55968CCF29B96` FOREIGN KEY (`PRODUCT_BUNDLE_ID`) REFERENCES `BLC_PRODUCT_BUNDLE` (`PRODUCT_ID`)
) ENGINE=InnoDB DEFAULT CHARSET=latin1;
/*!40101 SET character_set_client = @saved_cs_client */;

--
-- Dumping data for table `BLC_SKU_BUNDLE_ITEM`
--

LOCK TABLES `BLC_SKU_BUNDLE_ITEM` WRITE;
/*!40000 ALTER TABLE `BLC_SKU_BUNDLE_ITEM` DISABLE KEYS */;
/*!40000 ALTER TABLE `BLC_SKU_BUNDLE_ITEM` ENABLE KEYS */;
UNLOCK TABLES;

--
-- Table structure for table `BLC_SKU_FEE`
--

DROP TABLE IF EXISTS `BLC_SKU_FEE`;
/*!40101 SET @saved_cs_client     = @@character_set_client */;
/*!40101 SET character_set_client = utf8 */;
CREATE TABLE `BLC_SKU_FEE` (
  `SKU_FEE_ID` bigint(20) NOT NULL,
  `AMOUNT` decimal(19,5) NOT NULL,
  `DESCRIPTION` varchar(255) DEFAULT NULL,
  `EXPRESSION` longtext,
  `FEE_TYPE` varchar(255) DEFAULT NULL,
  `NAME` varchar(255) DEFAULT NULL,
  `TAXABLE` tinyint(1) DEFAULT NULL,
  `CURRENCY_CODE` varchar(255) DEFAULT NULL,
  PRIMARY KEY (`SKU_FEE_ID`),
  KEY `FKEEB7181E3E2FC4F9` (`CURRENCY_CODE`),
  CONSTRAINT `FKEEB7181E3E2FC4F9` FOREIGN KEY (`CURRENCY_CODE`) REFERENCES `BLC_CURRENCY` (`CURRENCY_CODE`)
) ENGINE=InnoDB DEFAULT CHARSET=latin1;
/*!40101 SET character_set_client = @saved_cs_client */;

--
-- Dumping data for table `BLC_SKU_FEE`
--

LOCK TABLES `BLC_SKU_FEE` WRITE;
/*!40000 ALTER TABLE `BLC_SKU_FEE` DISABLE KEYS */;
/*!40000 ALTER TABLE `BLC_SKU_FEE` ENABLE KEYS */;
UNLOCK TABLES;

--
-- Table structure for table `BLC_SKU_FEE_XREF`
--

DROP TABLE IF EXISTS `BLC_SKU_FEE_XREF`;
/*!40101 SET @saved_cs_client     = @@character_set_client */;
/*!40101 SET character_set_client = utf8 */;
CREATE TABLE `BLC_SKU_FEE_XREF` (
  `SKU_FEE_ID` bigint(20) NOT NULL,
  `SKU_ID` bigint(20) NOT NULL,
  KEY `FKD88D409CB78C9977` (`SKU_ID`),
  KEY `FKD88D409CCF4C9A82` (`SKU_FEE_ID`),
  CONSTRAINT `FKD88D409CCF4C9A82` FOREIGN KEY (`SKU_FEE_ID`) REFERENCES `BLC_SKU_FEE` (`SKU_FEE_ID`),
  CONSTRAINT `FKD88D409CB78C9977` FOREIGN KEY (`SKU_ID`) REFERENCES `BLC_SKU` (`SKU_ID`)
) ENGINE=InnoDB DEFAULT CHARSET=latin1;
/*!40101 SET character_set_client = @saved_cs_client */;

--
-- Dumping data for table `BLC_SKU_FEE_XREF`
--

LOCK TABLES `BLC_SKU_FEE_XREF` WRITE;
/*!40000 ALTER TABLE `BLC_SKU_FEE_XREF` DISABLE KEYS */;
/*!40000 ALTER TABLE `BLC_SKU_FEE_XREF` ENABLE KEYS */;
UNLOCK TABLES;

--
-- Table structure for table `BLC_SKU_FULFILLMENT_EXCLUDED`
--

DROP TABLE IF EXISTS `BLC_SKU_FULFILLMENT_EXCLUDED`;
/*!40101 SET @saved_cs_client     = @@character_set_client */;
/*!40101 SET character_set_client = utf8 */;
CREATE TABLE `BLC_SKU_FULFILLMENT_EXCLUDED` (
  `SKU_ID` bigint(20) NOT NULL,
  `FULFILLMENT_OPTION_ID` bigint(20) NOT NULL,
  KEY `FK84162D7381F34C7F` (`FULFILLMENT_OPTION_ID`),
  KEY `FK84162D73B78C9977` (`SKU_ID`),
  CONSTRAINT `FK84162D73B78C9977` FOREIGN KEY (`SKU_ID`) REFERENCES `BLC_SKU` (`SKU_ID`),
  CONSTRAINT `FK84162D7381F34C7F` FOREIGN KEY (`FULFILLMENT_OPTION_ID`) REFERENCES `BLC_FULFILLMENT_OPTION` (`FULFILLMENT_OPTION_ID`)
) ENGINE=InnoDB DEFAULT CHARSET=latin1;
/*!40101 SET character_set_client = @saved_cs_client */;

--
-- Dumping data for table `BLC_SKU_FULFILLMENT_EXCLUDED`
--

LOCK TABLES `BLC_SKU_FULFILLMENT_EXCLUDED` WRITE;
/*!40000 ALTER TABLE `BLC_SKU_FULFILLMENT_EXCLUDED` DISABLE KEYS */;
/*!40000 ALTER TABLE `BLC_SKU_FULFILLMENT_EXCLUDED` ENABLE KEYS */;
UNLOCK TABLES;

--
-- Table structure for table `BLC_SKU_FULFILLMENT_FLAT_RATES`
--

DROP TABLE IF EXISTS `BLC_SKU_FULFILLMENT_FLAT_RATES`;
/*!40101 SET @saved_cs_client     = @@character_set_client */;
/*!40101 SET character_set_client = utf8 */;
CREATE TABLE `BLC_SKU_FULFILLMENT_FLAT_RATES` (
  `SKU_ID` bigint(20) NOT NULL,
  `RATE` decimal(19,5) DEFAULT NULL,
  `FULFILLMENT_OPTION_ID` bigint(20) NOT NULL,
  PRIMARY KEY (`SKU_ID`,`FULFILLMENT_OPTION_ID`),
  KEY `FKC1988C9681F34C7F` (`FULFILLMENT_OPTION_ID`),
  KEY `FKC1988C96B78C9977` (`SKU_ID`),
  CONSTRAINT `FKC1988C96B78C9977` FOREIGN KEY (`SKU_ID`) REFERENCES `BLC_SKU` (`SKU_ID`),
  CONSTRAINT `FKC1988C9681F34C7F` FOREIGN KEY (`FULFILLMENT_OPTION_ID`) REFERENCES `BLC_FULFILLMENT_OPTION` (`FULFILLMENT_OPTION_ID`)
) ENGINE=InnoDB DEFAULT CHARSET=latin1;
/*!40101 SET character_set_client = @saved_cs_client */;

--
-- Dumping data for table `BLC_SKU_FULFILLMENT_FLAT_RATES`
--

LOCK TABLES `BLC_SKU_FULFILLMENT_FLAT_RATES` WRITE;
/*!40000 ALTER TABLE `BLC_SKU_FULFILLMENT_FLAT_RATES` DISABLE KEYS */;
/*!40000 ALTER TABLE `BLC_SKU_FULFILLMENT_FLAT_RATES` ENABLE KEYS */;
UNLOCK TABLES;

--
-- Table structure for table `BLC_SKU_MEDIA_MAP`
--

DROP TABLE IF EXISTS `BLC_SKU_MEDIA_MAP`;
/*!40101 SET @saved_cs_client     = @@character_set_client */;
/*!40101 SET character_set_client = utf8 */;
CREATE TABLE `BLC_SKU_MEDIA_MAP` (
  `BLC_SKU_SKU_ID` bigint(20) NOT NULL,
  `MEDIA_ID` bigint(20) NOT NULL,
  `MAP_KEY` varchar(255) NOT NULL,
  PRIMARY KEY (`BLC_SKU_SKU_ID`,`MAP_KEY`),
  KEY `FKEB4AECF96E4720E0` (`MEDIA_ID`),
  KEY `FKEB4AECF9D93D857F` (`BLC_SKU_SKU_ID`),
  CONSTRAINT `FKEB4AECF9D93D857F` FOREIGN KEY (`BLC_SKU_SKU_ID`) REFERENCES `BLC_SKU` (`SKU_ID`),
  CONSTRAINT `FKEB4AECF96E4720E0` FOREIGN KEY (`MEDIA_ID`) REFERENCES `BLC_MEDIA` (`MEDIA_ID`)
) ENGINE=InnoDB DEFAULT CHARSET=latin1;
/*!40101 SET character_set_client = @saved_cs_client */;

--
-- Dumping data for table `BLC_SKU_MEDIA_MAP`
--

LOCK TABLES `BLC_SKU_MEDIA_MAP` WRITE;
/*!40000 ALTER TABLE `BLC_SKU_MEDIA_MAP` DISABLE KEYS */;
INSERT INTO `BLC_SKU_MEDIA_MAP` VALUES (9955,99953,'primary'),(9956,99954,'primary'),(9957,99955,'primary'),(9958,99956,'primary');
/*!40000 ALTER TABLE `BLC_SKU_MEDIA_MAP` ENABLE KEYS */;
UNLOCK TABLES;

--
-- Table structure for table `BLC_SKU_OPTION_VALUE_XREF`
--

DROP TABLE IF EXISTS `BLC_SKU_OPTION_VALUE_XREF`;
/*!40101 SET @saved_cs_client     = @@character_set_client */;
/*!40101 SET character_set_client = utf8 */;
CREATE TABLE `BLC_SKU_OPTION_VALUE_XREF` (
  `SKU_ID` bigint(20) NOT NULL,
  `PRODUCT_OPTION_VALUE_ID` bigint(20) NOT NULL,
  PRIMARY KEY (`SKU_ID`,`PRODUCT_OPTION_VALUE_ID`),
  KEY `FK7B61DC0BB0C16A73` (`PRODUCT_OPTION_VALUE_ID`),
  KEY `FK7B61DC0BB78C9977` (`SKU_ID`),
  CONSTRAINT `FK7B61DC0BB78C9977` FOREIGN KEY (`SKU_ID`) REFERENCES `BLC_SKU` (`SKU_ID`),
  CONSTRAINT `FK7B61DC0BB0C16A73` FOREIGN KEY (`PRODUCT_OPTION_VALUE_ID`) REFERENCES `BLC_PRODUCT_OPTION_VALUE` (`PRODUCT_OPTION_VALUE_ID`)
) ENGINE=InnoDB DEFAULT CHARSET=latin1;
/*!40101 SET character_set_client = @saved_cs_client */;

--
-- Dumping data for table `BLC_SKU_OPTION_VALUE_XREF`
--

LOCK TABLES `BLC_SKU_OPTION_VALUE_XREF` WRITE;
/*!40000 ALTER TABLE `BLC_SKU_OPTION_VALUE_XREF` DISABLE KEYS */;
/*!40000 ALTER TABLE `BLC_SKU_OPTION_VALUE_XREF` ENABLE KEYS */;
UNLOCK TABLES;

--
-- Table structure for table `BLC_STATE`
--

DROP TABLE IF EXISTS `BLC_STATE`;
/*!40101 SET @saved_cs_client     = @@character_set_client */;
/*!40101 SET character_set_client = utf8 */;
CREATE TABLE `BLC_STATE` (
  `ABBREVIATION` varchar(255) NOT NULL,
  `NAME` varchar(255) NOT NULL,
  `COUNTRY` varchar(255) NOT NULL,
  PRIMARY KEY (`ABBREVIATION`),
  KEY `STATE_NAME_INDEX` (`NAME`),
  KEY `FK8F94A1EBA46E16CF` (`COUNTRY`),
  CONSTRAINT `FK8F94A1EBA46E16CF` FOREIGN KEY (`COUNTRY`) REFERENCES `BLC_COUNTRY` (`ABBREVIATION`)
) ENGINE=InnoDB DEFAULT CHARSET=latin1;
/*!40101 SET character_set_client = @saved_cs_client */;

--
-- Dumping data for table `BLC_STATE`
--

LOCK TABLES `BLC_STATE` WRITE;
/*!40000 ALTER TABLE `BLC_STATE` DISABLE KEYS */;
INSERT INTO `BLC_STATE` VALUES ('AA','ARMED FORCES AMERICA','US'),('AB','ALBERTA','CA'),('AE','ARMED FORCES','US'),('AK','ALASKA','US'),('AL','ALABAMA','US'),('AP','ARMED FORCES PACIFIC','US'),('AR','ARKANSAS','US'),('AS','AMERICAN SAMOA','US'),('AZ','ARIZONA','US'),('BC','BRITISH COLUMBIA','CA'),('CA','CALIFORNIA','US'),('CO','COLORADO','US'),('CT','CONNECTICUT','US'),('DC','DISTRICT OF COLUMBIA','US'),('DE','DELAWARE','US'),('FL','FLORIDA','US'),('FM','FEDERATED STATES OF MICRONESIA','US'),('GA','GEORGIA','US'),('GU','GUAM','US'),('HI','HAWAII','US'),('IA','IOWA','US'),('ID','IDAHO','US'),('IL','ILLINOIS','US'),('IN','INDIANA','US'),('KS','KANSAS','US'),('KY','KENTUCKY','US'),('LA','LOUISIANA','US'),('MA','MASSACHUSETTS','US'),('MB','MANITOBA','CA'),('MD','MARYLAND','US'),('ME','MAINE','US'),('MH','MARSHALL ISLANDS','US'),('MI','MICHIGAN','US'),('MN','MINNESOTA','US'),('MO','MISSOURI','US'),('MP','NORTHERN MARIANA ISLANDS','US'),('MS','MISSISSIPPI','US'),('MT','MONTANA','US'),('NB','NEW BRUNSWICK','CA'),('NC','NORTH CAROLINA','US'),('ND','NORTH DAKOTA','US'),('NE','NEBRASKA','US'),('NH','NEW HAMPSHIRE','US'),('NJ','NEW JERSEY','US'),('NL','NEWFOUNDLAND','CA'),('NM','NEW MEXICO','US'),('NS','NOVA SCOTIA','CA'),('NT','NORTHWEST TERRITORIES','CA'),('NU','NUNAVUT','CA'),('NV','NEVADA','US'),('NY','NEW YORK','US'),('OH','OHIO','US'),('OK','OKLAHOMA','US'),('ON','ONTARIO','CA'),('OR','OREGON','US'),('PA','PENNSYLVANIA','US'),('PE','PRINCE EDWARD ISLAND','CA'),('PR','PUERTO RICO','US'),('PW','PALAU','US'),('QC','QUEBEC','CA'),('RI','RHODE ISLAND','US'),('SC','SOUTH CAROLINA','US'),('SD','SOUTH DAKOTA','US'),('SK','SASKATCHEWAN','CA'),('TN','TENNESSEE','US'),('TX','TEXAS','US'),('UT','UTAH','US'),('VA','VIRGINIA','US'),('VI','VIRGIN ISLANDS','US'),('VT','VERMONT','US'),('WA','WASHINGTON','US'),('WI','WISCONSIN','US'),('WV','WEST VIRGINIA','US'),('WY','WYOMING','US'),('YT','YUKON','CA');
/*!40000 ALTER TABLE `BLC_STATE` ENABLE KEYS */;
UNLOCK TABLES;

--
-- Table structure for table `BLC_STATIC_ASSET`
--

DROP TABLE IF EXISTS `BLC_STATIC_ASSET`;
/*!40101 SET @saved_cs_client     = @@character_set_client */;
/*!40101 SET character_set_client = utf8 */;
CREATE TABLE `BLC_STATIC_ASSET` (
  `STATIC_ASSET_ID` bigint(20) NOT NULL,
  `ALT_TEXT` varchar(255) DEFAULT NULL,
  `CREATED_BY` bigint(20) DEFAULT NULL,
  `DATE_CREATED` datetime DEFAULT NULL,
  `DATE_UPDATED` datetime DEFAULT NULL,
  `UPDATED_BY` bigint(20) DEFAULT NULL,
  `FILE_EXTENSION` varchar(255) DEFAULT NULL,
  `FILE_SIZE` bigint(20) DEFAULT NULL,
  `FULL_URL` varchar(255) NOT NULL,
  `MIME_TYPE` varchar(255) DEFAULT NULL,
  `NAME` varchar(255) NOT NULL,
  `STORAGE_TYPE` varchar(255) DEFAULT NULL,
  `TITLE` varchar(255) DEFAULT NULL,
  PRIMARY KEY (`STATIC_ASSET_ID`),
  KEY `ASST_FULL_URL_INDX` (`FULL_URL`)
) ENGINE=InnoDB DEFAULT CHARSET=latin1;
/*!40101 SET character_set_client = @saved_cs_client */;

--
-- Dumping data for table `BLC_STATIC_ASSET`
--

LOCK TABLES `BLC_STATIC_ASSET` WRITE;
/*!40000 ALTER TABLE `BLC_STATIC_ASSET` DISABLE KEYS */;
INSERT INTO `BLC_STATIC_ASSET` VALUES (99951,NULL,-1,'2015-06-19 16:50:26','2015-06-19 16:50:26',NULL,'png',24921,'/product/product.png','image/png','product.png','FILESYSTEM',NULL);
/*!40000 ALTER TABLE `BLC_STATIC_ASSET` ENABLE KEYS */;
UNLOCK TABLES;

--
-- Table structure for table `BLC_STATIC_ASSET_DESC`
--

DROP TABLE IF EXISTS `BLC_STATIC_ASSET_DESC`;
/*!40101 SET @saved_cs_client     = @@character_set_client */;
/*!40101 SET character_set_client = utf8 */;
CREATE TABLE `BLC_STATIC_ASSET_DESC` (
  `STATIC_ASSET_DESC_ID` bigint(20) NOT NULL,
  `CREATED_BY` bigint(20) DEFAULT NULL,
  `DATE_CREATED` datetime DEFAULT NULL,
  `DATE_UPDATED` datetime DEFAULT NULL,
  `UPDATED_BY` bigint(20) DEFAULT NULL,
  `DESCRIPTION` varchar(255) DEFAULT NULL,
  `LONG_DESCRIPTION` varchar(255) DEFAULT NULL,
  PRIMARY KEY (`STATIC_ASSET_DESC_ID`)
) ENGINE=InnoDB DEFAULT CHARSET=latin1;
/*!40101 SET character_set_client = @saved_cs_client */;

--
-- Dumping data for table `BLC_STATIC_ASSET_DESC`
--

LOCK TABLES `BLC_STATIC_ASSET_DESC` WRITE;
/*!40000 ALTER TABLE `BLC_STATIC_ASSET_DESC` DISABLE KEYS */;
/*!40000 ALTER TABLE `BLC_STATIC_ASSET_DESC` ENABLE KEYS */;
UNLOCK TABLES;

--
-- Table structure for table `BLC_STATIC_ASSET_STRG`
--

DROP TABLE IF EXISTS `BLC_STATIC_ASSET_STRG`;
/*!40101 SET @saved_cs_client     = @@character_set_client */;
/*!40101 SET character_set_client = utf8 */;
CREATE TABLE `BLC_STATIC_ASSET_STRG` (
  `STATIC_ASSET_STRG_ID` bigint(20) NOT NULL,
  `FILE_DATA` longblob,
  `STATIC_ASSET_ID` bigint(20) NOT NULL,
  PRIMARY KEY (`STATIC_ASSET_STRG_ID`),
  KEY `STATIC_ASSET_ID_INDEX` (`STATIC_ASSET_ID`)
) ENGINE=InnoDB DEFAULT CHARSET=latin1;
/*!40101 SET character_set_client = @saved_cs_client */;

--
-- Dumping data for table `BLC_STATIC_ASSET_STRG`
--

LOCK TABLES `BLC_STATIC_ASSET_STRG` WRITE;
/*!40000 ALTER TABLE `BLC_STATIC_ASSET_STRG` DISABLE KEYS */;
/*!40000 ALTER TABLE `BLC_STATIC_ASSET_STRG` ENABLE KEYS */;
UNLOCK TABLES;

--
-- Table structure for table `BLC_STORE`
--

DROP TABLE IF EXISTS `BLC_STORE`;
/*!40101 SET @saved_cs_client     = @@character_set_client */;
/*!40101 SET character_set_client = utf8 */;
CREATE TABLE `BLC_STORE` (
  `STORE_ID` bigint(20) NOT NULL,
  `ADDRESS_1` varchar(255) DEFAULT NULL,
  `ADDRESS_2` varchar(255) DEFAULT NULL,
  `STORE_CITY` varchar(255) DEFAULT NULL,
  `STORE_COUNTRY` varchar(255) DEFAULT NULL,
  `LATITUDE` double DEFAULT NULL,
  `LONGITUDE` double DEFAULT NULL,
  `STORE_NAME` varchar(255) NOT NULL,
  `STORE_PHONE` varchar(255) DEFAULT NULL,
  `STORE_STATE` varchar(255) DEFAULT NULL,
  `STORE_ZIP` varchar(255) DEFAULT NULL,
  PRIMARY KEY (`STORE_ID`)
) ENGINE=InnoDB DEFAULT CHARSET=latin1;
/*!40101 SET character_set_client = @saved_cs_client */;

--
-- Dumping data for table `BLC_STORE`
--

LOCK TABLES `BLC_STORE` WRITE;
/*!40000 ALTER TABLE `BLC_STORE` DISABLE KEYS */;
/*!40000 ALTER TABLE `BLC_STORE` ENABLE KEYS */;
UNLOCK TABLES;

--
-- Table structure for table `BLC_SYSTEM_PROPERTY`
--

DROP TABLE IF EXISTS `BLC_SYSTEM_PROPERTY`;
/*!40101 SET @saved_cs_client     = @@character_set_client */;
/*!40101 SET character_set_client = utf8 */;
CREATE TABLE `BLC_SYSTEM_PROPERTY` (
  `BLC_SYSTEM_PROPERTY_ID` bigint(20) NOT NULL,
  `FRIENDLY_GROUP` varchar(255) DEFAULT NULL,
  `FRIENDLY_NAME` varchar(255) DEFAULT NULL,
  `FRIENDLY_TAB` varchar(255) DEFAULT NULL,
  `PROPERTY_NAME` varchar(255) NOT NULL,
  `PROPERTY_TYPE` varchar(255) DEFAULT NULL,
  `PROPERTY_VALUE` varchar(255) NOT NULL,
  PRIMARY KEY (`BLC_SYSTEM_PROPERTY_ID`)
) ENGINE=InnoDB DEFAULT CHARSET=latin1;
/*!40101 SET character_set_client = @saved_cs_client */;

--
-- Dumping data for table `BLC_SYSTEM_PROPERTY`
--

LOCK TABLES `BLC_SYSTEM_PROPERTY` WRITE;
/*!40000 ALTER TABLE `BLC_SYSTEM_PROPERTY` DISABLE KEYS */;
/*!40000 ALTER TABLE `BLC_SYSTEM_PROPERTY` ENABLE KEYS */;
UNLOCK TABLES;

--
-- Table structure for table `BLC_TAR_CRIT_OFFER_XREF`
--

DROP TABLE IF EXISTS `BLC_TAR_CRIT_OFFER_XREF`;
/*!40101 SET @saved_cs_client     = @@character_set_client */;
/*!40101 SET character_set_client = utf8 */;
CREATE TABLE `BLC_TAR_CRIT_OFFER_XREF` (
  `OFFER_ID` bigint(20) NOT NULL,
  `OFFER_ITEM_CRITERIA_ID` bigint(20) NOT NULL,
  PRIMARY KEY (`OFFER_ID`,`OFFER_ITEM_CRITERIA_ID`),
  UNIQUE KEY `UK_125F5803E7AB0252` (`OFFER_ITEM_CRITERIA_ID`),
  KEY `FK125F58033615A91A` (`OFFER_ITEM_CRITERIA_ID`),
  KEY `FK125F5803D5F3FAF4` (`OFFER_ID`),
  CONSTRAINT `FK125F5803D5F3FAF4` FOREIGN KEY (`OFFER_ID`) REFERENCES `BLC_OFFER` (`OFFER_ID`),
  CONSTRAINT `FK125F58033615A91A` FOREIGN KEY (`OFFER_ITEM_CRITERIA_ID`) REFERENCES `BLC_OFFER_ITEM_CRITERIA` (`OFFER_ITEM_CRITERIA_ID`)
) ENGINE=InnoDB DEFAULT CHARSET=latin1;
/*!40101 SET character_set_client = @saved_cs_client */;

--
-- Dumping data for table `BLC_TAR_CRIT_OFFER_XREF`
--

LOCK TABLES `BLC_TAR_CRIT_OFFER_XREF` WRITE;
/*!40000 ALTER TABLE `BLC_TAR_CRIT_OFFER_XREF` DISABLE KEYS */;
/*!40000 ALTER TABLE `BLC_TAR_CRIT_OFFER_XREF` ENABLE KEYS */;
UNLOCK TABLES;

--
-- Table structure for table `BLC_TAX_DETAIL`
--

DROP TABLE IF EXISTS `BLC_TAX_DETAIL`;
/*!40101 SET @saved_cs_client     = @@character_set_client */;
/*!40101 SET character_set_client = utf8 */;
CREATE TABLE `BLC_TAX_DETAIL` (
  `TAX_DETAIL_ID` bigint(20) NOT NULL,
  `AMOUNT` decimal(19,5) DEFAULT NULL,
  `TAX_COUNTRY` varchar(255) DEFAULT NULL,
  `JURISDICTION_NAME` varchar(255) DEFAULT NULL,
  `RATE` decimal(19,5) DEFAULT NULL,
  `TAX_REGION` varchar(255) DEFAULT NULL,
  `TAX_NAME` varchar(255) DEFAULT NULL,
  `TYPE` varchar(255) DEFAULT NULL,
  `CURRENCY_CODE` varchar(255) DEFAULT NULL,
  `MODULE_CONFIG_ID` bigint(20) DEFAULT NULL,
  PRIMARY KEY (`TAX_DETAIL_ID`),
  KEY `FKEABE4A4B3E2FC4F9` (`CURRENCY_CODE`),
  KEY `FKEABE4A4BC50D449` (`MODULE_CONFIG_ID`),
  CONSTRAINT `FKEABE4A4BC50D449` FOREIGN KEY (`MODULE_CONFIG_ID`) REFERENCES `BLC_MODULE_CONFIGURATION` (`MODULE_CONFIG_ID`),
  CONSTRAINT `FKEABE4A4B3E2FC4F9` FOREIGN KEY (`CURRENCY_CODE`) REFERENCES `BLC_CURRENCY` (`CURRENCY_CODE`)
) ENGINE=InnoDB DEFAULT CHARSET=latin1;
/*!40101 SET character_set_client = @saved_cs_client */;

--
-- Dumping data for table `BLC_TAX_DETAIL`
--

LOCK TABLES `BLC_TAX_DETAIL` WRITE;
/*!40000 ALTER TABLE `BLC_TAX_DETAIL` DISABLE KEYS */;
/*!40000 ALTER TABLE `BLC_TAX_DETAIL` ENABLE KEYS */;
UNLOCK TABLES;

--
-- Table structure for table `BLC_TRANSLATION`
--

DROP TABLE IF EXISTS `BLC_TRANSLATION`;
/*!40101 SET @saved_cs_client     = @@character_set_client */;
/*!40101 SET character_set_client = utf8 */;
CREATE TABLE `BLC_TRANSLATION` (
  `TRANSLATION_ID` bigint(20) NOT NULL,
  `ENTITY_ID` varchar(255) DEFAULT NULL,
  `ENTITY_TYPE` varchar(255) DEFAULT NULL,
  `FIELD_NAME` varchar(255) DEFAULT NULL,
  `LOCALE_CODE` varchar(255) DEFAULT NULL,
  `TRANSLATED_VALUE` longtext,
  PRIMARY KEY (`TRANSLATION_ID`),
  KEY `TRANSLATION_INDEX` (`ENTITY_TYPE`,`ENTITY_ID`,`FIELD_NAME`,`LOCALE_CODE`)
) ENGINE=InnoDB DEFAULT CHARSET=latin1;
/*!40101 SET character_set_client = @saved_cs_client */;

--
-- Dumping data for table `BLC_TRANSLATION`
--

LOCK TABLES `BLC_TRANSLATION` WRITE;
/*!40000 ALTER TABLE `BLC_TRANSLATION` DISABLE KEYS */;
INSERT INTO `BLC_TRANSLATION` VALUES (-396,'3','FulfillmentOption','longDescription','fr','1 - 2 Journ&eacute;es'),(-395,'3','FulfillmentOption','name','fr','Express'),(-394,'2','FulfillmentOption','longDescription','fr','3 - 5 Journ&eacute;es'),(-393,'2','FulfillmentOption','name','fr','Priorit&eacute;'),(-392,'1','FulfillmentOption','longDescription','fr','5 - 7 Journ&eacute;es'),(-391,'1','FulfillmentOption','name','fr','Norme'),(-382,'3','SearchFacet','label','fr','Prix'),(-381,'2','SearchFacet','label','fr','Degr&eacute; de chaleur'),(-380,'1','SearchFacet','label','fr','Fabricant'),(-300,'600','Sku','longDescription','fr','Avez-vous pas juste notre mascotte? Obtenez votre chemise propre aujourd\'hui!'),(-299,'600','Sku','name','fr','Mascot Clinique chaleur (Femmes)'),(-298,'500','Sku','longDescription','fr','Avez-vous pas juste notre mascotte? Obtenez votre chemise propre aujourd\'hui!'),(-297,'500','Sku','name','fr','Mascot Clinique chaleur (Hommes)'),(-296,'400','Sku','longDescription','fr','Ce t-shirt logo dessin&eacute; &agrave; la main pour les femmes dispose d\'une coupe r&eacute;guli&egrave;re en trois couleurs diff&eacute;rentes.'),(-295,'400','Sku','name','fr','Clinique de chaleur tir&eacute; par la main (Femmes)'),(-294,'300','Sku','longDescription','fr','Ce t-shirt logo dessin&eacute; &agrave; la main pour les hommes dispose d\'une coupe r&eacute;guli&egrave;re en trois couleurs diff&eacute;rentes.'),(-293,'300','Sku','name','fr','Clinique de chaleur tir&eacute; par la main (Hommes)'),(-292,'200','Sku','longDescription','fr','Collecte de femmes Habanero standards chemise &agrave; manches courtes shirt s&eacute;rigraphi&eacute; &agrave; 30 coton doux singles en coupe regular.'),(-291,'200','Sku','name','fr','Hawt comme une chemise Habanero (Femmes)'),(-290,'100','Sku','longDescription','fr','Collecte Hommes Habanero standards chemise &agrave; manches courtes t s&eacute;rigraphi&eacute;es en 30 coton doux singles en coupe regular.'),(-289,'100','Sku','name','fr','Hawt comme une chemise Habanero (Hommes)'),(-288,'19','Sku','longDescription','fr','Cette sauce tire sa saveur des poivrons grand &acirc;ge et le vinaigre de canne. Il permettra d\'am&eacute;liorer la saveur de la plupart de n\'importe quel repas.'),(-287,'19','Sku','name','fr','Sauce chaudes Chipotle'),(-286,'18','Sku','longDescription','fr','Cette sauce tire sa saveur des poivrons grand &acirc;ge et le vinaigre de canne. Il permettra d\'am&eacute;liorer la saveur de la plupart de n\'importe quel repas.'),(-285,'18','Sku','name','fr','Sauces chaudes Jalapeno'),(-284,'17','Sku','longDescription','fr','Cette sauce tire sa saveur des poivrons grand &acirc;ge et le vinaigre de canne. Il permettra d\'am&eacute;liorer la saveur de la plupart de n\'importe quel repas.'),(-283,'17','Sku','name','fr','Sauce Scotch Bonnet chaud'),(-282,'16','Sku','longDescription','fr','Cette sauce tire sa saveur des poivrons grand &acirc;ge et le vinaigre de canne. Il permettra d\'am&eacute;liorer la saveur de la plupart de n\'importe quel repas.'),(-281,'16','Sku','name','fr','Sauce Scotch Bonnet chaud'),(-280,'15','Sku','longDescription','fr','Cette sauce tire sa saveur des poivrons grand &acirc;ge et le vinaigre de canne. Il permettra d\'am&eacute;liorer la saveur de la plupart de n\'importe quel repas.'),(-279,'15','Sku','name','fr','Sauce &agrave; l\'ail rti chaud'),(-278,'14','Sku','longDescription','fr','Cette sauce tire sa saveur des poivrons grand &acirc;ge et le vinaigre de canne. Il permettra d\'am&eacute;liorer la saveur de la plupart de n\'importe quel repas.'),(-277,'14','Sku','name','fr','Frais Poivre de Cayenne Hot Sauce'),(-276,'13','Sku','longDescription','fr','Todo es m&aacute;s grande en Texas, incluso lo picante de la Salsa de Snortin Bull! Tout est plus grand au Texas, m&ecirc;me la brlure de Hot Sauce une Snortin Bull! douche sur le Texas Steak taille qu\'ils appellent le 96er Ole ou vos l&eacute;gumes Jane avion. Si vous &ecirc;tes un fan sur faire de la sauce barbecue &agrave; partir de z&eacute;ro comme je suis, vous pouvez utiliser la sauce Bull amygdales Snort Smokin \'Hot tant qu\'additif. Red hot habaneros et piments donner &agrave; cette tingler amygdales sa saveur c&eacute;l&egrave;bre et rouge de chaleur chaud. Bull Snort Smokin \'Hot amygdales Sauce\'ll avoir vos entrailles buckin avec une goutte d\'eau.'),(-275,'13','Sku','name','fr','Bull Snort Smokin \'Hot Sauce Toncils'),(-274,'12','Sku','longDescription','fr','L\'une des sauces les plus insolites que nous vendons. L\'original &eacute;tait un vieux style sauce cajun et c\'est a le noircissement &agrave; jour de version. C\'est gentil, mais vous obtenez un grand succ&egrave;s de cannelle et de clou de girofle avec un coup de chaleur agr&eacute;able de Cayenne. Utilisez-le sur tous les aliments &agrave; donner cette ambiance cajun.'),(-273,'12','Sku','name','fr','Caf&eacute; Cajun Louisiane Douce Sauce Blackening'),(-272,'11','Sku','longDescription','fr','Been there, encord&eacute;s cela. Hotter than jument buckin \'en chaleur! Saupoudrez de plats de viande, de fruits de mer et l&eacute;gumes. Utilisation comme additif dans une sauce barbecue ou tout aliment qui a besoin d\'une saveur &eacute;pic&eacute;e. Commencez avec quelques gouttes et travailler jusqu\'&agrave; la saveur d&eacute;sir&eacute;e.'),(-271,'11','Sku','name','fr','Bull Snort Cowboy poivre de Cayenne Hot Sauce'),(-270,'10','Sku','longDescription','fr','Voici la prescription pour ceux qui aiment la chaleur intol&eacute;rable. Dr Chilemeister potion de malades et mal mortel doit &ecirc;tre utilis&eacute; avec prudence. La douleur peut devenir une d&eacute;pendance!'),(-269,'10','Sku','name','fr','Dr Chilemeister Sauce Hot Insane'),(-268,'9','Sku','longDescription','fr','Tout l\'enfer se d&eacute;chane, le feu et le soufre pleuvoir? se pr&eacute;parer &agrave; rencontrer votre machine?'),(-267,'9','Sku','name','fr','Armageddon Le Hot Sauce To End All'),(-266,'8','Sku','longDescription','fr','Vous misez vos bottes, cette sauce chaude valu son nom de gens qui appr&eacute;cient une sauce chaude exceptionnel. Ce que vous trouverez ici est une saveur piquante vraiment original, pas un piquant irr&eacute;sistible que l\'on retrouve dans les sauces au poivre Tabasco ordinaires - m&ecirc;me si le piment utilis&eacute; dans ce produit a &eacute;t&eacute; test&eacute; &agrave; 285.000 unit&eacute;s Scoville. Alors, en selle pour une balade inoubliable. Pour vous assurer que nous vous avons apport&eacute; la plus belle sauce au poivre de Habanero, nous sommes all&eacute;s aux contreforts des montagnes mayas au Belize, en Am&eacute;rique centrale. Ce produit est pr&eacute;par&eacute; enti&egrave;rement &agrave; la main en utilisant uniquement des l&eacute;gumes frais et de tous les ingr&eacute;dients naturels.'),(-265,'8','Sku','name','fr','Blazin \'Selle XXX Hot Habanero sauce au poivre'),(-264,'7','Sku','longDescription','fr','Fabriqu&eacute; avec Naga Bhut Jolokia, plus chaud poivre dans le monde.'),(-263,'7','Sku','name','fr','Green Ghost'),(-262,'6','Sku','longDescription','fr','Souvent confondu avec le Habanero, le Scotch Bonnet a une pointe profond&eacute;ment invers&eacute;e par rapport &agrave; l\'extr&eacute;mit&eacute; pointue de l\'Habanero. Allant dans de nombreuses couleurs allant du vert au jaune-orange, le Scotch Bonnet est un aliment de base dans les Antilles et sauces au poivre de style Barbade.'),(-261,'6','Sku','name','fr','Jour de la sauce Scotch Bonnet Hot Morte'),(-260,'5','Sku','longDescription','fr','Si vous voulez chaud, c\'est le piment de choisir. Originaire de la Carabe, du Yucatan et du Nord Cte de l\'Am&eacute;rique du Sud, le Habanero se pr&eacute;sente dans une vari&eacute;t&eacute; de couleurs allant du vert p&acirc;le au rouge vif. La chaleur gras Habanero, la saveur et l\'arme unique, en a fait le favori des amateurs de chili.'),(-259,'5','Sku','name','fr','Jour de la sauce Habanero Hot Morte'),(-258,'4','Sku','longDescription','fr','Lorsque tout le poivre est s&eacute;ch&eacute; et fum&eacute;, il est consid&eacute;r&eacute; comme un Chipotle. Normalement, avec un aspect froiss&eacute;, drak brun, le chipotle fum&eacute; offre une saveur douce qui est g&eacute;n&eacute;ralement utilis&eacute; pour ajouter un smokey, saveur rtie aux salsas, les ragots et marinades.'),(-257,'4','Sku','name','fr','Jour de la sauce chaude Morte Chipotle'),(-256,'3','Sku','longDescription','fr','Tangy, venu de Cayenne poivron flux avec l\'ail, l\'oignon p&acirc;te de tomate, et un soupon de sucre de canne pour en faire une sauce onctueuse avec une morsure. Magnifique sur les ufs, la volaille, le porc ou le poisson, cette sauce marie pour faire des marinades et des soupes riches.'),(-255,'3','Sku','name','fr','Hot Sauce Hoppin'),(-254,'2','Sku','longDescription','fr','Le parfait topper pour le poulet, le poisson, des hamburgers ou une pizza. Un grand m&eacute;lange de Habanero, mangue, fruits de la passion et de plus faire cette sauce Mort d\'un festin incroyable tropicale'),(-253,'2','Sku','name','fr','Sauce Sweet Death'),(-252,'1','Sku','longDescription','fr','Comme mes Chilipals sais, je suis pas du genre &agrave; &ecirc;tre satisfaite. Par cons&eacute;quent, la cr&eacute;ation de la mort subite. Lorsque vous avez besoin d\'aller au-del&agrave; ... Mort subite livrera!'),(-251,'1','Sku','name','fr','Sauce mort subite'),(-247,'14','ProdOptionVal','attributeValue','fr','XG'),(-246,'13','ProdOptionVal','attributeValue','fr','G'),(-245,'12','ProdOptionVal','attributeValue','fr','M'),(-244,'11','ProdOptionVal','attributeValue','fr','P'),(-243,'3','ProdOptionVal','attributeValue','fr','Argent'),(-242,'2','ProdOptionVal','attributeValue','fr','Rouge'),(-241,'1','ProdOptionVal','attributeValue','fr','Noir'),(-232,'2','ProdOption','label','fr','Shirt Taille'),(-231,'1','ProdOption','label','fr','Shirt Couleur'),(-216,'2006','Category','description','fr','FAQ'),(-215,'2005','Category','description','fr','Nouveau Hot Sauce?'),(-214,'2004','Category','description','fr','D&eacute;gagement'),(-213,'2003','Category','description','fr','Marchandisfr'),(-212,'2002','Category','description','fr','Sauces chaudfr'),(-211,'2001','Category','description','fr','Page d\'accueil'),(-206,'2006','Category','name','fr','FAQ'),(-205,'2005','Category','name','fr','Nouveau Hot Sauce?'),(-204,'2004','Category','name','fr','D&eacute;gagement'),(-203,'2003','Category','name','fr','Marchandisfr'),(-202,'2002','Category','name','fr','Sauces chaudfr'),(-201,'2001','Category','name','fr','Page d\'accueil'),(-196,'3','FulfillmentOption','longDescription','es','1 - 2 D&iacute;as'),(-195,'3','FulfillmentOption','name','es','Express'),(-194,'2','FulfillmentOption','longDescription','es','3 - 5 D&iacute;as'),(-193,'2','FulfillmentOption','name','es','Ejecutiva'),(-192,'1','FulfillmentOption','longDescription','es','5 - 7 D&iacute;as'),(-191,'1','FulfillmentOption','name','es','Estndar'),(-182,'3','SearchFacet','label','es','Precio'),(-181,'2','SearchFacet','label','es','Rango de Calor'),(-180,'1','SearchFacet','label','es','Fabricante'),(-100,'600','Sku','longDescription','es','&iquest;No te encanta nuestra mascota? Compre su propia camiseta hoy!'),(-99,'600','Sku','name','es','Mascota de Heat Clinic (Mujeres)'),(-98,'500','Sku','longDescription','es','&iquest;No te encanta nuestra mascota? Compre su propia camiseta hoy!'),(-97,'500','Sku','name','es','Mascota de Heat Clinic (Hombres)'),(-96,'400','Sku','longDescription','es','Esta camiseta tiene el logo dibujado a mano para hombres, ofrece un ajuste regular en tres colores diferentes.'),(-95,'400','Sku','name','es','Heat Clinic dibujado a mano (Mujeres)'),(-94,'300','Sku','longDescription','es','Esta camiseta tiene el logo dibujado a mano para hombres, ofrece un ajuste regular en tres colores diferentes.'),(-93,'300','Sku','name','es','Heat Clinic dibujado a mano (Hombres)'),(-92,'200','Sku','longDescription','es','Colecci&oacute;n de Mujeres Habanero est&aacute;ndar de manga corta serigrafiadas, camiseta de algod&oacute;n suave en ajuste normal.'),(-91,'200','Sku','name','es','Camisa de Habanero Hawt (Mujeres)'),(-90,'100','Sku','longDescription','es','Colecci&oacute;n de Hombres Habanero est&aacute;ndar de manga corta serigrafiadas, camiseta de algod&oacute;n suave en ajuste normal.'),(-89,'100','Sku','name','es','Camisa de Habanero Hawt (Hombres)'),(-88,'19','Sku','longDescription','es','Esta salsa debe su gran sabor a los pimientos de edad y vinagre de ca&ntilde;a. Mejorar&aacute; el sabor de cualquier comida.'),(-87,'19','Sku','name','es','Salsa de Pimienta Roja y Chipotle'),(-86,'18','Sku','longDescription','es','Esta salsa debe su gran sabor a los pimientos de edad y vinagre de ca&ntilde;a. Mejorar&aacute; el sabor de cualquier comida.'),(-85,'18','Sku','name','es','Salsa de Jalape&ntilde;o Ardiente'),(-84,'17','Sku','longDescription','es','Esta salsa debe su gran sabor a los pimientos de edad y vinagre de ca&ntilde;a. Mejorar&aacute; el sabor de cualquier comida.'),(-83,'17','Sku','name','es','Salsa de Locura'),(-82,'16','Sku','longDescription','es','Esta salsa debe su gran sabor a los pimientos de edad y vinagre de ca&ntilde;a. Mejorar&aacute; el sabor de cualquier comida.'),(-81,'16','Sku','name','es','Salsa de Locura'),(-80,'15','Sku','longDescription','es','Esta salsa debe su gran sabor a los pimientos de edad y vinagre de ca&ntilde;a. Mejorar&aacute; el sabor de cualquier comida.'),(-79,'15','Sku','name','es','Salsa de Ajo Tostado'),(-78,'14','Sku','longDescription','es','Esta salsa debe su gran sabor a los pimientos de edad y vinagre de ca&ntilde;a. Mejorar&aacute; el sabor de cualquier comida.'),(-77,'14','Sku','name','es','Salsa de Cayene Fresco'),(-76,'13','Sku','longDescription','es','Todo es m&aacute;s grande en Texas, incluso lo picante de la Salsa de Snortin Bull! Si usted es un fan de hacer la salsa de barbacoa a partir de cero, como yo, puede utilizar la Salsa de Snortin Bull como aditivo. Habaneros ardientes y los pimientos de cayena dan a la garganta un sabor y calor al rojo vivo.'),(-75,'13','Sku','name','es','Salsa Mata-Gargantas de Bull Snort'),(-74,'12','Sku','longDescription','es','Una de las salsas m&aacute;s inusuales que vendemos. La original era un viejo estilo salsa caj&uacute;n y esto versi&oacute;n actualizada ennegrecimiento. Es dulce, pero se obtiene un gran sabor de canela y clavo de olor con un tiro agradable de piacnte de Cayena. Use en todos los alimentos para dar ese toque caj&uacute;n.'),(-73,'12','Sku','name','es','Salsa Dulce de Cajun de Lousiane'),(-72,'11','Sku','longDescription','es','Espolvorear con platos de carne, pescado y verduras. Use como aditivo en la salsa de barbacoa o cualquier alimento que necesita un sabor picante. Comience con unas gotas y aumente hasta llegar al sabor deseado.'),(-71,'11','Sku','name','es','Salsa Picante del Vaquero'),(-70,'10','Sku','longDescription','es','Aqu est&aacute; la receta para aquellos que disfrutan de picante intolerable. Esta salsa macabra y mortal del Dr. Chilemeister se debe utilizar con precauci&oacute;n. El dolor puede llegar a ser adictivo!'),(-69,'10','Sku','name','es','Salsa Loca del Dr. Chilemeister'),(-68,'9','Sku','longDescription','es','Todo el infierno se ha desatado, fuego y azufre. Est&aacute; listo para el fin?'),(-67,'9','Sku','name','es','Fin del Mundo Salsa'),(-66,'8','Sku','longDescription','es','Esta salsa caliente recibe su nombre por la gente que aprecian una salsa picante. Lo que vas a encontrar aqu es un sabor picante realmente original, no una acritud abrumador que se encuentra en las salsas de chile Tabasco ordinarios - a pesar de la pimienta usado en este producto ha sido probado en 285.000 unidades Scoville. Por lo tanto, ensillar a dar un paseo para recordar. Para asegurarnos de que usted trajo s&oacute;lo la mejor salsa de pimiento habanero, nos fuimos a las faldas de las monta&ntilde;as mayas en Belice, Am&eacute;rica Central. Este producto se prepara totalmente a mano utilizando s&oacute;lo las verduras frescas y solo ingredientes naturales.'),(-65,'8','Sku','name','es','Salsa de Habanero de la Silla Ardiente'),(-64,'7','Sku','longDescription','es','Hecho con Naga Jolokia Bhut, el chile m&aacute;s picante del mundo.'),(-63,'7','Sku','name','es','Fantasma Verde'),(-62,'6','Sku','longDescription','es','Parecido al Habanero, el Bonnet Escoc&eacute;s tiene una punta profundamente invertidas en comparaci&oacute;n con el extremo puntiagudo del Habanero. Van en colores de verde a amarillo-naranja, el Bonnet Escoc&eacute;s es un alimento b&aacute;sico en West Indies, en Barbados y salsas estilo pimienta.'),(-61,'6','Sku','name','es','Salsa del D&iacute;a de los Muertos de Bonnet Escoc&eacute;s'),(-60,'5','Sku','longDescription','es','Si quieres picante, este es el Chile a elegir. Originario del Caribe, Yucat&aacute;n y la Costa norte de Am&eacute;rica del Sur, el habanero se presenta en una variedad de colores que van desde el verde claro a un rojo brillante. El calor, sabor y aroma &uacute;nicos del Habanero ha convertido el chile en el favorito de los amantes del picante.'),(-59,'5','Sku','name','es','Salsa del D&iacute;a de los Muertos de Habanero'),(-58,'4','Sku','longDescription','es','Cuando cualquier pimienta se seca y se fuma, se refiere como un Chipotle. Por lo general, con una apariencia arrugada, caf&eacute; oscuro, el Chipotle ofrece un sabor ahumado y dulce que se utiliza generalmente para agregar un sabor asado a las salsas, guisos y adobos.'),(-57,'4','Sku','name','es','Salsa del D&iacute;a de los Muertos de Chipotle'),(-56,'3','Sku','longDescription','es','Picante, maduro pimienta que se mezcla junto con el ajo, la cebolla, pasta de tomate y una pizca de az&uacute;car de ca&ntilde;a para hacer de esto una salsa suave. Maravilloso en huevos, aves de corral, carne de cerdo o pescado, esta salsa se ??mezcla para hacer los adobos y sopas ricas.'),(-55,'3','Sku','name','es','Salsa de la Muerte Saltante'),(-54,'2','Sku','longDescription','es','El perfecto acompa&ntilde;ante para el pollo, el pescado, hamburguesas o pizza. Una gran mezcla de habanero, mango, fruta de la pasi&oacute;n y mucho m&aacute;s hacen de esta salsa de la Muerte una delicia tropical incre&iacute;ble.'),(-53,'2','Sku','name','es','Salsa de la Muerte Dulce'),(-52,'1','Sku','longDescription','es','Como mis amigos salseros saben, nunca soy f&aacute;cil de satisfacer. Por lo tanto, naci&oacute; la creaci&oacute;n de la Muerte S&uacute;bita. Cuando este listo para saborear al m&aacute;s all&aacute; ... Muerte s&uacute;bita entregar&aacute;!'),(-51,'1','Sku','name','es','Salsa de la Muerte S&uacute;bita'),(-47,'14','ProdOptionVal','attributeValue','es','XG'),(-46,'13','ProdOptionVal','attributeValue','es','G'),(-45,'12','ProdOptionVal','attributeValue','es','M'),(-44,'11','ProdOptionVal','attributeValue','es','CH'),(-43,'3','ProdOptionVal','attributeValue','es','Plateado'),(-42,'2','ProdOptionVal','attributeValue','es','Rojo'),(-41,'1','ProdOptionVal','attributeValue','es','Negro'),(-32,'2','ProdOption','label','es','Tama&ntilde;o de Camisa'),(-31,'1','ProdOption','label','es','Color de Camisa'),(-16,'2006','Category','description','es','FAQ'),(-15,'2005','Category','description','es','Iniciando con Salsas?'),(-14,'2004','Category','description','es','Descuento'),(-13,'2003','Category','description','es','Mercanc&iacute;a'),(-12,'2002','Category','description','es','Salsas Picantes'),(-11,'2001','Category','description','es','Inicio'),(-6,'2006','Category','name','es','FAQ'),(-5,'2005','Category','name','es','Nuevo a la Salsa?'),(-4,'2004','Category','name','es','Descuento'),(-3,'2003','Category','name','es','Mercanc&iacute;a'),(-2,'2002','Category','name','es','Salsas'),(-1,'2001','Category','name','es','Inicio');
/*!40000 ALTER TABLE `BLC_TRANSLATION` ENABLE KEYS */;
UNLOCK TABLES;

--
-- Table structure for table `BLC_TRANS_ADDITNL_FIELDS`
--

DROP TABLE IF EXISTS `BLC_TRANS_ADDITNL_FIELDS`;
/*!40101 SET @saved_cs_client     = @@character_set_client */;
/*!40101 SET character_set_client = utf8 */;
CREATE TABLE `BLC_TRANS_ADDITNL_FIELDS` (
  `PAYMENT_TRANSACTION_ID` bigint(20) NOT NULL,
  `FIELD_VALUE` longtext,
  `FIELD_NAME` varchar(255) NOT NULL,
  PRIMARY KEY (`PAYMENT_TRANSACTION_ID`,`FIELD_NAME`),
  KEY `FK376DDE4B9E955B1D` (`PAYMENT_TRANSACTION_ID`),
  CONSTRAINT `FK376DDE4B9E955B1D` FOREIGN KEY (`PAYMENT_TRANSACTION_ID`) REFERENCES `BLC_ORDER_PAYMENT_TRANSACTION` (`PAYMENT_TRANSACTION_ID`)
) ENGINE=InnoDB DEFAULT CHARSET=latin1;
/*!40101 SET character_set_client = @saved_cs_client */;

--
-- Dumping data for table `BLC_TRANS_ADDITNL_FIELDS`
--

LOCK TABLES `BLC_TRANS_ADDITNL_FIELDS` WRITE;
/*!40000 ALTER TABLE `BLC_TRANS_ADDITNL_FIELDS` DISABLE KEYS */;
/*!40000 ALTER TABLE `BLC_TRANS_ADDITNL_FIELDS` ENABLE KEYS */;
UNLOCK TABLES;

--
-- Table structure for table `BLC_URL_HANDLER`
--

DROP TABLE IF EXISTS `BLC_URL_HANDLER`;
/*!40101 SET @saved_cs_client     = @@character_set_client */;
/*!40101 SET character_set_client = utf8 */;
CREATE TABLE `BLC_URL_HANDLER` (
  `URL_HANDLER_ID` bigint(20) NOT NULL,
  `INCOMING_URL` varchar(255) NOT NULL,
  `NEW_URL` varchar(255) NOT NULL,
  `URL_REDIRECT_TYPE` varchar(255) DEFAULT NULL,
  PRIMARY KEY (`URL_HANDLER_ID`),
  KEY `INCOMING_URL_INDEX` (`INCOMING_URL`)
) ENGINE=InnoDB DEFAULT CHARSET=latin1;
/*!40101 SET character_set_client = @saved_cs_client */;

--
-- Dumping data for table `BLC_URL_HANDLER`
--

LOCK TABLES `BLC_URL_HANDLER` WRITE;
/*!40000 ALTER TABLE `BLC_URL_HANDLER` DISABLE KEYS */;
/*!40000 ALTER TABLE `BLC_URL_HANDLER` ENABLE KEYS */;
UNLOCK TABLES;

--
-- Table structure for table `BLC_UserConnection`
--

DROP TABLE IF EXISTS `BLC_UserConnection`;
/*!40101 SET @saved_cs_client     = @@character_set_client */;
/*!40101 SET character_set_client = utf8 */;
CREATE TABLE `BLC_UserConnection` (
  `providerId` varchar(255) NOT NULL,
  `providerUserId` varchar(255) NOT NULL,
  `userId` varchar(255) NOT NULL,
  `accessToken` varchar(255) NOT NULL,
  `displayName` varchar(255) DEFAULT NULL,
  `expireTime` bigint(20) DEFAULT NULL,
  `imageUrl` varchar(255) DEFAULT NULL,
  `profileUrl` varchar(255) DEFAULT NULL,
  `rank` int(11) NOT NULL,
  `refreshToken` varchar(255) DEFAULT NULL,
  `secret` varchar(255) DEFAULT NULL,
  PRIMARY KEY (`providerId`,`providerUserId`,`userId`)
) ENGINE=InnoDB DEFAULT CHARSET=latin1;
/*!40101 SET character_set_client = @saved_cs_client */;

--
-- Dumping data for table `BLC_UserConnection`
--

LOCK TABLES `BLC_UserConnection` WRITE;
/*!40000 ALTER TABLE `BLC_UserConnection` DISABLE KEYS */;
/*!40000 ALTER TABLE `BLC_UserConnection` ENABLE KEYS */;
UNLOCK TABLES;

--
-- Table structure for table `BLC_ZIP_CODE`
--

DROP TABLE IF EXISTS `BLC_ZIP_CODE`;
/*!40101 SET @saved_cs_client     = @@character_set_client */;
/*!40101 SET character_set_client = utf8 */;
CREATE TABLE `BLC_ZIP_CODE` (
  `ZIP_CODE_ID` varchar(255) NOT NULL,
  `ZIP_CITY` varchar(255) DEFAULT NULL,
  `ZIP_LATITUDE` double DEFAULT NULL,
  `ZIP_LONGITUDE` double DEFAULT NULL,
  `ZIP_STATE` varchar(255) DEFAULT NULL,
  `ZIPCODE` int(11) DEFAULT NULL,
  PRIMARY KEY (`ZIP_CODE_ID`),
  KEY `ZIPCODE_CITY_INDEX` (`ZIP_CITY`),
  KEY `ZIPCODE_LATITUDE_INDEX` (`ZIP_LATITUDE`),
  KEY `ZIPCODE_LONGITUDE_INDEX` (`ZIP_LONGITUDE`),
  KEY `ZIPCODE_STATE_INDEX` (`ZIP_STATE`),
  KEY `ZIPCODE_ZIP_INDEX` (`ZIPCODE`)
) ENGINE=InnoDB DEFAULT CHARSET=latin1;
/*!40101 SET character_set_client = @saved_cs_client */;

--
-- Dumping data for table `BLC_ZIP_CODE`
--

LOCK TABLES `BLC_ZIP_CODE` WRITE;
/*!40000 ALTER TABLE `BLC_ZIP_CODE` DISABLE KEYS */;
/*!40000 ALTER TABLE `BLC_ZIP_CODE` ENABLE KEYS */;
UNLOCK TABLES;

--
-- Table structure for table `EXTEND_PRODUCT`
--

DROP TABLE IF EXISTS `EXTEND_PRODUCT`;
/*!40101 SET @saved_cs_client     = @@character_set_client */;
/*!40101 SET character_set_client = utf8 */;
CREATE TABLE `EXTEND_PRODUCT` (
  `PRODUCT_CASHONDELIVERY_PINCODE` int(11) DEFAULT NULL,
  `PRODUCT_COMMENT` longtext,
  `PRODUCT_DELIVERY_CHARGES` int(11) DEFAULT NULL,
  `PRODUCT_DESCRIPTION` longtext,
  `PRODUCT_DETAILS` longtext,
  `PRODUCT_REVIEW` longtext,
  `PRODUCT_TYPE` varchar(255) DEFAULT NULL,
  `PRODUCT_WARRANTY` varchar(255) DEFAULT NULL,
  `PRODUCT_ID` bigint(20) NOT NULL,
  PRIMARY KEY (`PRODUCT_ID`),
  KEY `FKFB36F8AA5F11A0B7` (`PRODUCT_ID`),
  CONSTRAINT `FKFB36F8AA5F11A0B7` FOREIGN KEY (`PRODUCT_ID`) REFERENCES `BLC_PRODUCT` (`PRODUCT_ID`)
) ENGINE=InnoDB DEFAULT CHARSET=latin1;
/*!40101 SET character_set_client = @saved_cs_client */;

--
-- Dumping data for table `EXTEND_PRODUCT`
--

LOCK TABLES `EXTEND_PRODUCT` WRITE;
/*!40000 ALTER TABLE `EXTEND_PRODUCT` DISABLE KEYS */;
INSERT INTO `EXTEND_PRODUCT` VALUES (987456,NULL,275,'<p>Features</p><ul><li><b>Elliptical frame</b><br>The unique and stylish elliptical design frame not only strengthens the rigidity on frame but also saves a lot of energy during operation for both users and helpers.</li><li><b>Integrated seat system</b> <br>Hammock effect free seat system for those intensive wheelchair users. The innovative, durable seat system design makes you easy to disassemble seat upholstery for cleaning.</li><li><b>Energy-saving tipping lever</b><br>It\'s ergonomic design provide helpers a higher energy-saving function and support casters over obstacle like a threshold or a curb.</li><li><b>An secure non-slip footplate</b><b><br></b>An non-slip and ergonomic footplate design provides you a stable and comfortable base for placing feet</li></ul>','<ul><li>Folding wheelchair with fixed arm &amp; footrest</li><li>Chrome plated steel frame</li><li>Superior quality mag wheels</li><li>Seat width: 46 cms(approx); Max load bearing: 100 kgs(approx)</li><li>Net Weight: 18 kgs(approx)</li></ul>',NULL,'Wheelchair foldable','2 years',9954),(9874589,NULL,275,'<br>','This chromium plated commode chair is ideal for in-house use for people with limited mobility. It comes with a easily removable plastic pail that can be washed effortlessly. This commode chair can be used in the room itself (avoiding a trip to the toilet) or it can be positioned above the existing western closet without the pail. The wheels ensure that moving it around and positioning it is easy. It is foldable and easy to transport. It is height adjustable, so you can ensure sitting comfort for people with different heights. Keep dry for longer life. A must-have in any home with people with limited mobility.',NULL,'Commode with Wheels','2 years',9955),(965214,NULL,275,'<p> Accurate and Ergonomic Model</p><p> Test Range: 20-600 mg/dL (1.1-33.3 mmol/L)</p><p> Sample Size: 0.5l Capillary Whole Blood</p><p> Test Time: 5 Seconds</p><p> Memory: Stores 300 Results</p><p> Alternative Site Testing</p><p> Date and Time Feature</p><p> Biosensor Technology</p><p> Lifetime Warranty (Conditions Apply)</p>','<b>Product Dimensions: </b>10 x 10 x 10 cm ; 100 g<br><p><b>Item model number:</b> 2174801</p><p><b>ASIN: </b>B00I0R4K92</p>',NULL,'Monitoring Systems','2 years',9956),(632854,NULL,275,NULL,NULL,NULL,'Accessories','2 years',9957);
/*!40000 ALTER TABLE `EXTEND_PRODUCT` ENABLE KEYS */;
UNLOCK TABLES;

--
-- Table structure for table `SEQUENCE_GENERATOR`
--

DROP TABLE IF EXISTS `SEQUENCE_GENERATOR`;
/*!40101 SET @saved_cs_client     = @@character_set_client */;
/*!40101 SET character_set_client = utf8 */;
CREATE TABLE `SEQUENCE_GENERATOR` (
  `ID_NAME` varchar(255) NOT NULL,
  `ID_VAL` bigint(20) DEFAULT NULL,
  PRIMARY KEY (`ID_NAME`)
) ENGINE=InnoDB DEFAULT CHARSET=latin1;
/*!40101 SET character_set_client = @saved_cs_client */;

--
-- Dumping data for table `SEQUENCE_GENERATOR`
--

LOCK TABLES `SEQUENCE_GENERATOR` WRITE;
/*!40000 ALTER TABLE `SEQUENCE_GENERATOR` DISABLE KEYS */;
INSERT INTO `SEQUENCE_GENERATOR` VALUES ('AddressImpl',101),('CategoryExcludedSearchFacetImpl',1000),('CategoryImpl',10000),('CategoryProductImpl',1000),('CategoryProductXrefImpl',1000),('CategorySearchFacetImpl',1000),('CategoryXrefImpl',1000),('ChallengeQuestionImpl',1000),('FeaturedProductImpl',1000),('FieldDefinitionImpl',1000),('FieldEnumerationImpl',1000),('FieldEnumerationItemImpl',1000),('FieldGroupImpl',1000),('FieldImpl',1000),('FulfillmentGroupImpl',101),('FulfillmentGroupItemImpl',101),('FulfillmentOptionImpl',1000),('MediaImpl',100000),('OfferCodeImpl',1000),('OfferImpl',1000),('OfferItemCriteriaImpl',1000),('OrderImpl',101),('OrderItemImpl',101),('OrderItemPriceDetailImpl',101),('OrderPaymentImpl',101),('PageFieldImpl',1000),('PageImpl',1000),('PageTemplateImpl',1000),('PaymentTransactionImpl',101),('PhoneImpl',101),('ProductAttributeImpl',1000),('ProductImpl',10000),('ProductOptionImpl',1000),('ProductOptionValueImpl',1000),('ProductOptionXrefImpl',1000),('RoleImpl',1000),('SearchFacetImpl',1000),('SearchFacetRangeImpl',1000),('SearchInterceptImpl',1000),('SkuImpl',10000),('StaticAssetImpl',100000),('StructuredContentFieldImpl',1000),('StructuredContentImpl',1000),('StructuredContentRuleImpl',1000),('StructuredContentTypeImpl',1000),('URLHandlerImpl',1000);
/*!40000 ALTER TABLE `SEQUENCE_GENERATOR` ENABLE KEYS */;
UNLOCK TABLES;
/*!40103 SET TIME_ZONE=@OLD_TIME_ZONE */;

/*!40101 SET SQL_MODE=@OLD_SQL_MODE */;
/*!40014 SET FOREIGN_KEY_CHECKS=@OLD_FOREIGN_KEY_CHECKS */;
/*!40014 SET UNIQUE_CHECKS=@OLD_UNIQUE_CHECKS */;
/*!40101 SET CHARACTER_SET_CLIENT=@OLD_CHARACTER_SET_CLIENT */;
/*!40101 SET CHARACTER_SET_RESULTS=@OLD_CHARACTER_SET_RESULTS */;
/*!40101 SET COLLATION_CONNECTION=@OLD_COLLATION_CONNECTION */;
/*!40111 SET SQL_NOTES=@OLD_SQL_NOTES */;

-- Dump completed on 2015-06-19 18:53:30
